use order_service;

------------ VOUCHER
insert into
    `voucher` (
        `code`,
        `discount`,
        `limit_price`,
        `description`,
        `expired`
    )
values
    (
        'SIEU20K',
        20000,
        60000,
        'Giảm giá 20k, ăn thỏa ga',
        '2022-05-06 00:00:00'
    );

insert into
    `voucher` (
        `code`,
        `discount`,
        `limit_price`,
        `description`,
        `expired`
    )
values
    (
        'SIEU20K',
        20000,
        60000,
        'Giảm giá 20k, ăn thỏa ga',
        '2022-09-17 00:00:00'
    );

insert into
    `voucher` (
        `code`,
        `discount`,
        `limit_price`,
        `description`,
        `expired`
    )
values
    (
        'SIEU20K',
        20000,
        60000,
        'Giảm giá 20k, ăn thỏa ga',
        '2022-02-08 00:00:00'
    );

insert into
    `voucher` (
        `code`,
        `discount`,
        `limit_price`,
        `description`,
        `expired`
    )
values
    (
        'SIEU50K',
        50000,
        150000,
        'Giảm giá 50k, ăn thỏa ga',
        '2022-02-13 00:00:00'
    );

insert into
    `voucher` (
        `code`,
        `discount`,
        `limit_price`,
        `description`,
        `expired`
    )
values
    (
        'SIEU50K',
        50000,
        150000,
        'Giảm giá 50k, ăn thỏa ga',
        '2022-02-01 00:00:00'
    );

insert into
    `voucher` (
        `code`,
        `discount`,
        `limit_price`,
        `description`,
        `expired`
    )
values
    (
        'SIEU50K',
        50000,
        150000,
        'Giảm giá 50k, ăn thỏa ga',
        '2022-11-08 00:00:00'
    );

insert into
    `voucher` (
        `code`,
        `discount`,
        `limit_price`,
        `description`,
        `expired`
    )
values
    (
        'SIEU70K',
        70000,
        210000,
        'Giảm giá 70k, ăn thỏa ga',
        '2022-07-09 00:00:00'
    );

insert into
    `voucher` (
        `code`,
        `discount`,
        `limit_price`,
        `description`,
        `expired`
    )
values
    (
        'SIEU70K',
        70000,
        210000,
        'Giảm giá 70k, ăn thỏa ga',
        '2022-08-09 00:00:00'
    );

insert into
    `voucher` (
        `code`,
        `discount`,
        `limit_price`,
        `description`,
        `expired`
    )
values
    (
        'SIEU70K',
        70000,
        210000,
        'Giảm giá 70k, ăn thỏa ga',
        '2022-08-16 00:00:00'
    );

insert into
    `voucher` (
        `code`,
        `discount`,
        `limit_price`,
        `description`,
        `expired`
    )
values
    (
        'SIEU100K',
        100000,
        300000,
        'Giảm giá 100k, ăn thỏa ga',
        '2022-08-19 00:00:00'
    );

insert into
    `voucher` (
        `code`,
        `discount`,
        `limit_price`,
        `description`,
        `expired`
    )
values
    (
        'SIEU100K',
        100000,
        300000,
        'Giảm giá 100k, ăn thỏa ga',
        '2022-08-07 00:00:00'
    );

insert into
    `voucher` (
        `code`,
        `discount`,
        `limit_price`,
        `description`,
        `expired`
    )
values
    (
        'SIEU100K',
        100000,
        300000,
        'Giảm giá 100k, ăn thỏa ga',
        '2022-08-13 00:00:00'
    );

insert into
    `voucher` (
        `code`,
        `discount`,
        `limit_price`,
        `description`,
        `expired`
    )
values
    (
        'SIEU200K',
        200000,
        600000,
        'Giảm giá 200k, ăn thỏa ga',
        '2022-11-14 00:00:00'
    );

insert into
    `voucher` (
        `code`,
        `discount`,
        `limit_price`,
        `description`,
        `expired`
    )
values
    (
        'SIEU200K',
        200000,
        600000,
        'Giảm giá 200k, ăn thỏa ga',
        '2022-08-13 00:00:00'
    );

insert into
    `voucher` (
        `code`,
        `discount`,
        `limit_price`,
        `description`,
        `expired`
    )
values
    (
        'SIEU200K',
        200000,
        600000,
        'Giảm giá 200k, ăn thỏa ga',
        '2022-01-07 00:00:00'
    );

-------------voucher
insert into
    `voucher` (
        `code`,
        `discount`,
        `limit_price`,
        `description`,
        `expired`
    )
values
    (
        'SIEU20K',
        20000,
        60000,
        'Giảm giá 20k, ăn thỏa ga',
        '2022-05-06 00:00:00'
    );

insert into
    `voucher` (
        `code`,
        `discount`,
        `limit_price`,
        `description`,
        `expired`
    )
values
    (
        'SIEU20K',
        20000,
        60000,
        'Giảm giá 20k, ăn thỏa ga',
        '2022-09-17 00:00:00'
    );

insert into
    `voucher` (
        `code`,
        `discount`,
        `limit_price`,
        `description`,
        `expired`
    )
values
    (
        'SIEU20K',
        20000,
        60000,
        'Giảm giá 20k, ăn thỏa ga',
        '2022-02-08 00:00:00'
    );

insert into
    `voucher` (
        `code`,
        `discount`,
        `limit_price`,
        `description`,
        `expired`
    )
values
    (
        'SIEU50K',
        50000,
        150000,
        'Giảm giá 50k, ăn thỏa ga',
        '2022-02-13 00:00:00'
    );

insert into
    `voucher` (
        `code`,
        `discount`,
        `limit_price`,
        `description`,
        `expired`
    )
values
    (
        'SIEU50K',
        50000,
        150000,
        'Giảm giá 50k, ăn thỏa ga',
        '2022-02-01 00:00:00'
    );

insert into
    `voucher` (
        `code`,
        `discount`,
        `limit_price`,
        `description`,
        `expired`
    )
values
    (
        'SIEU50K',
        50000,
        150000,
        'Giảm giá 50k, ăn thỏa ga',
        '2022-11-08 00:00:00'
    );

insert into
    `voucher` (
        `code`,
        `discount`,
        `limit_price`,
        `description`,
        `expired`
    )
values
    (
        'SIEU70K',
        70000,
        210000,
        'Giảm giá 70k, ăn thỏa ga',
        '2022-07-09 00:00:00'
    );

insert into
    `voucher` (
        `code`,
        `discount`,
        `limit_price`,
        `description`,
        `expired`
    )
values
    (
        'SIEU70K',
        70000,
        210000,
        'Giảm giá 70k, ăn thỏa ga',
        '2022-08-09 00:00:00'
    );

insert into
    `voucher` (
        `code`,
        `discount`,
        `limit_price`,
        `description`,
        `expired`
    )
values
    (
        'SIEU70K',
        70000,
        210000,
        'Giảm giá 70k, ăn thỏa ga',
        '2022-08-16 00:00:00'
    );

insert into
    `voucher` (
        `code`,
        `discount`,
        `limit_price`,
        `description`,
        `expired`
    )
values
    (
        'SIEU100K',
        100000,
        300000,
        'Giảm giá 100k, ăn thỏa ga',
        '2022-08-19 00:00:00'
    );

insert into
    `voucher` (
        `code`,
        `discount`,
        `limit_price`,
        `description`,
        `expired`
    )
values
    (
        'SIEU100K',
        100000,
        300000,
        'Giảm giá 100k, ăn thỏa ga',
        '2022-08-07 00:00:00'
    );

insert into
    `voucher` (
        `code`,
        `discount`,
        `limit_price`,
        `description`,
        `expired`
    )
values
    (
        'SIEU100K',
        100000,
        300000,
        'Giảm giá 100k, ăn thỏa ga',
        '2022-08-13 00:00:00'
    );

insert into
    `voucher` (
        `code`,
        `discount`,
        `limit_price`,
        `description`,
        `expired`
    )
values
    (
        'SIEU200K',
        200000,
        600000,
        'Giảm giá 200k, ăn thỏa ga',
        '2022-11-14 00:00:00'
    );

insert into
    `voucher` (
        `code`,
        `discount`,
        `limit_price`,
        `description`,
        `expired`
    )
values
    (
        'SIEU200K',
        200000,
        600000,
        'Giảm giá 200k, ăn thỏa ga',
        '2022-08-13 00:00:00'
    );

insert into
    `voucher` (
        `code`,
        `discount`,
        `limit_price`,
        `description`,
        `expired`
    )
values
    (
        'SIEU200K',
        200000,
        600000,
        'Giảm giá 200k, ăn thỏa ga',
        '2022-01-07 00:00:00'
    );

insert into
    `voucher` (
        `code`,
        `discount`,
        `limit_price`,
        `description`,
        `expired`
    )
values
    (
        'FREESHIP',
        15000,
        0,
        'Giảm 15k trên phí vận chuyển',
        '2022-08-16 00:00:00'
    );

insert into
    `voucher` (
        `code`,
        `discount`,
        `limit_price`,
        `description`,
        `expired`
    )
values
    (
        'ALLFREE',
        15000,
        0,
        'Giảm 15k trên phí vận chuyển',
        '2022-08-16 00:00:00'
    );

insert into
    `voucher` (
        `code`,
        `discount`,
        `limit_price`,
        `description`,
        `expired`
    )
values
    (
        'SPPYEUTHICH',
        15000,
        0,
        'Giảm 15k trên phí vận chuyển',
        '2022-08-16 00:00:00'
    );

insert into
    `voucher` (
        `code`,
        `discount`,
        `limit_price`,
        `description`,
        `expired`
    )
values
    (
        'CLONEXINHONBANCHINH',
        15000,
        0,
        'Giảm 15k trên phí vận chuyển',
        '2022-08-16 00:00:00'
    );

insert into
    `voucher` (
        `code`,
        `discount`,
        `limit_price`,
        `description`,
        `expired`
    )
values
    (
        'SPFCGIAM15',
        15000,
        125000,
        'Giảm 15k, đơn tối thiểu 125k',
        '2022-08-16 00:00:00'
    );

---------------- OWNER IS SHOP
insert into
    `voucher_appliance`
values
    (1, 'SHOP', 35);

insert into
    `voucher_appliance`
values
    (1, 'SHOP', 68);

insert into
    `voucher_appliance`
values
    (1, 'SHOP', 15);

insert into
    `voucher_appliance`
values
    (1, 'SHOP', 47);

insert into
    `voucher_appliance`
values
    (1, 'SHOP', 67);

insert into
    `voucher_appliance`
values
    (1, 'SHOP', 58);

insert into
    `voucher_appliance`
values
    (1, 'SHOP', 8);

insert into
    `voucher_appliance`
values
    (1, 'SHOP', 4);

insert into
    `voucher_appliance`
values
    (1, 'SHOP', 24);

insert into
    `voucher_appliance`
values
    (1, 'SHOP', 50);

insert into
    `voucher_appliance`
values
    (1, 'SHOP', 36);

insert into
    `voucher_appliance`
values
    (1, 'SHOP', 93);

insert into
    `voucher_appliance`
values
    (1, 'SHOP', 5);

insert into
    `voucher_appliance`
values
    (2, 'SHOP', 19);

insert into
    `voucher_appliance`
values
    (2, 'SHOP', 104);

insert into
    `voucher_appliance`
values
    (2, 'SHOP', 121);

insert into
    `voucher_appliance`
values
    (2, 'SHOP', 116);

insert into
    `voucher_appliance`
values
    (2, 'SHOP', 78);

insert into
    `voucher_appliance`
values
    (2, 'SHOP', 118);

insert into
    `voucher_appliance`
values
    (2, 'SHOP', 43);

insert into
    `voucher_appliance`
values
    (2, 'SHOP', 59);

insert into
    `voucher_appliance`
values
    (2, 'SHOP', 32);

insert into
    `voucher_appliance`
values
    (2, 'SHOP', 17);

insert into
    `voucher_appliance`
values
    (2, 'SHOP', 92);

insert into
    `voucher_appliance`
values
    (2, 'SHOP', 75);

insert into
    `voucher_appliance`
values
    (2, 'SHOP', 83);

insert into
    `voucher_appliance`
values
    (2, 'SHOP', 3);

insert into
    `voucher_appliance`
values
    (2, 'SHOP', 71);

insert into
    `voucher_appliance`
values
    (2, 'SHOP', 64);

insert into
    `voucher_appliance`
values
    (3, 'SHOP', 53);

insert into
    `voucher_appliance`
values
    (3, 'SHOP', 47);

insert into
    `voucher_appliance`
values
    (3, 'SHOP', 115);

insert into
    `voucher_appliance`
values
    (3, 'SHOP', 51);

insert into
    `voucher_appliance`
values
    (3, 'SHOP', 13);

insert into
    `voucher_appliance`
values
    (3, 'SHOP', 74);

insert into
    `voucher_appliance`
values
    (3, 'SHOP', 69);

insert into
    `voucher_appliance`
values
    (3, 'SHOP', 68);

insert into
    `voucher_appliance`
values
    (3, 'SHOP', 61);

insert into
    `voucher_appliance`
values
    (3, 'SHOP', 121);

insert into
    `voucher_appliance`
values
    (3, 'SHOP', 27);

insert into
    `voucher_appliance`
values
    (3, 'SHOP', 34);

insert into
    `voucher_appliance`
values
    (3, 'SHOP', 119);

insert into
    `voucher_appliance`
values
    (3, 'SHOP', 99);

insert into
    `voucher_appliance`
values
    (3, 'SHOP', 92);

insert into
    `voucher_appliance`
values
    (3, 'SHOP', 52);

insert into
    `voucher_appliance`
values
    (3, 'SHOP', 2);

insert into
    `voucher_appliance`
values
    (3, 'SHOP', 60);

insert into
    `voucher_appliance`
values
    (3, 'SHOP', 79);

insert into
    `voucher_appliance`
values
    (3, 'SHOP', 49);

insert into
    `voucher_appliance`
values
    (3, 'SHOP', 105);

insert into
    `voucher_appliance`
values
    (3, 'SHOP', 108);

insert into
    `voucher_appliance`
values
    (3, 'SHOP', 37);

insert into
    `voucher_appliance`
values
    (3, 'SHOP', 93);

insert into
    `voucher_appliance`
values
    (3, 'SHOP', 88);

insert into
    `voucher_appliance`
values
    (3, 'SHOP', 96);

insert into
    `voucher_appliance`
values
    (3, 'SHOP', 98);

insert into
    `voucher_appliance`
values
    (3, 'SHOP', 50);

insert into
    `voucher_appliance`
values
    (3, 'SHOP', 90);

insert into
    `voucher_appliance`
values
    (3, 'SHOP', 84);

insert into
    `voucher_appliance`
values
    (3, 'SHOP', 33);

insert into
    `voucher_appliance`
values
    (3, 'SHOP', 42);

insert into
    `voucher_appliance`
values
    (3, 'SHOP', 21);

insert into
    `voucher_appliance`
values
    (3, 'SHOP', 89);

insert into
    `voucher_appliance`
values
    (3, 'SHOP', 117);

insert into
    `voucher_appliance`
values
    (3, 'SHOP', 28);

insert into
    `voucher_appliance`
values
    (3, 'SHOP', 1);

insert into
    `voucher_appliance`
values
    (3, 'SHOP', 30);

insert into
    `voucher_appliance`
values
    (3, 'SHOP', 25);

insert into
    `voucher_appliance`
values
    (3, 'SHOP', 112);

insert into
    `voucher_appliance`
values
    (3, 'SHOP', 65);

insert into
    `voucher_appliance`
values
    (3, 'SHOP', 116);

insert into
    `voucher_appliance`
values
    (3, 'SHOP', 40);

insert into
    `voucher_appliance`
values
    (3, 'SHOP', 100);

insert into
    `voucher_appliance`
values
    (3, 'SHOP', 9);

insert into
    `voucher_appliance`
values
    (3, 'SHOP', 76);

insert into
    `voucher_appliance`
values
    (3, 'SHOP', 31);

insert into
    `voucher_appliance`
values
    (3, 'SHOP', 81);

insert into
    `voucher_appliance`
values
    (3, 'SHOP', 120);

insert into
    `voucher_appliance`
values
    (3, 'SHOP', 80);

insert into
    `voucher_appliance`
values
    (3, 'SHOP', 111);

insert into
    `voucher_appliance`
values
    (3, 'SHOP', 17);

insert into
    `voucher_appliance`
values
    (3, 'SHOP', 106);

insert into
    `voucher_appliance`
values
    (3, 'SHOP', 26);

insert into
    `voucher_appliance`
values
    (3, 'SHOP', 56);

insert into
    `voucher_appliance`
values
    (4, 'SHOP', 60);

insert into
    `voucher_appliance`
values
    (4, 'SHOP', 114);

insert into
    `voucher_appliance`
values
    (4, 'SHOP', 113);

insert into
    `voucher_appliance`
values
    (4, 'SHOP', 88);

insert into
    `voucher_appliance`
values
    (4, 'SHOP', 15);

insert into
    `voucher_appliance`
values
    (4, 'SHOP', 118);

insert into
    `voucher_appliance`
values
    (4, 'SHOP', 43);

insert into
    `voucher_appliance`
values
    (4, 'SHOP', 25);

insert into
    `voucher_appliance`
values
    (4, 'SHOP', 56);

insert into
    `voucher_appliance`
values
    (4, 'SHOP', 71);

insert into
    `voucher_appliance`
values
    (4, 'SHOP', 6);

insert into
    `voucher_appliance`
values
    (4, 'SHOP', 49);

insert into
    `voucher_appliance`
values
    (4, 'SHOP', 111);

insert into
    `voucher_appliance`
values
    (4, 'SHOP', 67);

insert into
    `voucher_appliance`
values
    (4, 'SHOP', 39);

insert into
    `voucher_appliance`
values
    (4, 'SHOP', 17);

insert into
    `voucher_appliance`
values
    (4, 'SHOP', 2);

insert into
    `voucher_appliance`
values
    (4, 'SHOP', 10);

insert into
    `voucher_appliance`
values
    (4, 'SHOP', 57);

insert into
    `voucher_appliance`
values
    (4, 'SHOP', 96);

insert into
    `voucher_appliance`
values
    (4, 'SHOP', 69);

insert into
    `voucher_appliance`
values
    (4, 'SHOP', 93);

insert into
    `voucher_appliance`
values
    (4, 'SHOP', 46);

insert into
    `voucher_appliance`
values
    (4, 'SHOP', 112);

insert into
    `voucher_appliance`
values
    (4, 'SHOP', 36);

insert into
    `voucher_appliance`
values
    (4, 'SHOP', 24);

insert into
    `voucher_appliance`
values
    (5, 'SHOP', 2);

insert into
    `voucher_appliance`
values
    (5, 'SHOP', 76);

insert into
    `voucher_appliance`
values
    (5, 'SHOP', 28);

insert into
    `voucher_appliance`
values
    (5, 'SHOP', 56);

insert into
    `voucher_appliance`
values
    (5, 'SHOP', 98);

insert into
    `voucher_appliance`
values
    (5, 'SHOP', 13);

insert into
    `voucher_appliance`
values
    (5, 'SHOP', 7);

insert into
    `voucher_appliance`
values
    (5, 'SHOP', 5);

insert into
    `voucher_appliance`
values
    (5, 'SHOP', 119);

insert into
    `voucher_appliance`
values
    (5, 'SHOP', 31);

insert into
    `voucher_appliance`
values
    (5, 'SHOP', 116);

insert into
    `voucher_appliance`
values
    (5, 'SHOP', 43);

insert into
    `voucher_appliance`
values
    (5, 'SHOP', 24);

insert into
    `voucher_appliance`
values
    (5, 'SHOP', 82);

insert into
    `voucher_appliance`
values
    (5, 'SHOP', 95);

insert into
    `voucher_appliance`
values
    (5, 'SHOP', 51);

insert into
    `voucher_appliance`
values
    (5, 'SHOP', 61);

insert into
    `voucher_appliance`
values
    (5, 'SHOP', 32);

insert into
    `voucher_appliance`
values
    (5, 'SHOP', 53);

insert into
    `voucher_appliance`
values
    (5, 'SHOP', 12);

insert into
    `voucher_appliance`
values
    (5, 'SHOP', 70);

insert into
    `voucher_appliance`
values
    (5, 'SHOP', 45);

insert into
    `voucher_appliance`
values
    (5, 'SHOP', 79);

insert into
    `voucher_appliance`
values
    (5, 'SHOP', 26);

insert into
    `voucher_appliance`
values
    (5, 'SHOP', 58);

insert into
    `voucher_appliance`
values
    (5, 'SHOP', 4);

insert into
    `voucher_appliance`
values
    (5, 'SHOP', 87);

insert into
    `voucher_appliance`
values
    (5, 'SHOP', 49);

insert into
    `voucher_appliance`
values
    (5, 'SHOP', 41);

insert into
    `voucher_appliance`
values
    (6, 'SHOP', 80);

insert into
    `voucher_appliance`
values
    (6, 'SHOP', 28);

insert into
    `voucher_appliance`
values
    (6, 'SHOP', 45);

insert into
    `voucher_appliance`
values
    (6, 'SHOP', 5);

insert into
    `voucher_appliance`
values
    (6, 'SHOP', 34);

insert into
    `voucher_appliance`
values
    (6, 'SHOP', 25);

insert into
    `voucher_appliance`
values
    (6, 'SHOP', 44);

insert into
    `voucher_appliance`
values
    (6, 'SHOP', 84);

insert into
    `voucher_appliance`
values
    (6, 'SHOP', 93);

insert into
    `voucher_appliance`
values
    (6, 'SHOP', 39);

insert into
    `voucher_appliance`
values
    (6, 'SHOP', 75);

insert into
    `voucher_appliance`
values
    (6, 'SHOP', 26);

insert into
    `voucher_appliance`
values
    (6, 'SHOP', 23);

insert into
    `voucher_appliance`
values
    (6, 'SHOP', 33);

insert into
    `voucher_appliance`
values
    (6, 'SHOP', 60);

insert into
    `voucher_appliance`
values
    (6, 'SHOP', 47);

insert into
    `voucher_appliance`
values
    (6, 'SHOP', 114);

insert into
    `voucher_appliance`
values
    (6, 'SHOP', 8);

insert into
    `voucher_appliance`
values
    (7, 'SHOP', 104);

insert into
    `voucher_appliance`
values
    (7, 'SHOP', 71);

insert into
    `voucher_appliance`
values
    (7, 'SHOP', 86);

insert into
    `voucher_appliance`
values
    (7, 'SHOP', 7);

insert into
    `voucher_appliance`
values
    (7, 'SHOP', 2);

insert into
    `voucher_appliance`
values
    (7, 'SHOP', 70);

insert into
    `voucher_appliance`
values
    (7, 'SHOP', 1);

insert into
    `voucher_appliance`
values
    (7, 'SHOP', 111);

insert into
    `voucher_appliance`
values
    (7, 'SHOP', 83);

insert into
    `voucher_appliance`
values
    (7, 'SHOP', 36);

insert into
    `voucher_appliance`
values
    (7, 'SHOP', 14);

insert into
    `voucher_appliance`
values
    (7, 'SHOP', 114);

insert into
    `voucher_appliance`
values
    (7, 'SHOP', 110);

insert into
    `voucher_appliance`
values
    (7, 'SHOP', 117);

insert into
    `voucher_appliance`
values
    (7, 'SHOP', 100);

insert into
    `voucher_appliance`
values
    (7, 'SHOP', 116);

insert into
    `voucher_appliance`
values
    (7, 'SHOP', 78);

insert into
    `voucher_appliance`
values
    (7, 'SHOP', 46);

insert into
    `voucher_appliance`
values
    (7, 'SHOP', 68);

insert into
    `voucher_appliance`
values
    (7, 'SHOP', 74);

insert into
    `voucher_appliance`
values
    (7, 'SHOP', 33);

insert into
    `voucher_appliance`
values
    (7, 'SHOP', 15);

insert into
    `voucher_appliance`
values
    (7, 'SHOP', 31);

insert into
    `voucher_appliance`
values
    (7, 'SHOP', 56);

insert into
    `voucher_appliance`
values
    (7, 'SHOP', 13);

insert into
    `voucher_appliance`
values
    (8, 'SHOP', 80);

insert into
    `voucher_appliance`
values
    (8, 'SHOP', 121);

insert into
    `voucher_appliance`
values
    (8, 'SHOP', 34);

insert into
    `voucher_appliance`
values
    (8, 'SHOP', 69);

insert into
    `voucher_appliance`
values
    (8, 'SHOP', 113);

insert into
    `voucher_appliance`
values
    (8, 'SHOP', 44);

insert into
    `voucher_appliance`
values
    (8, 'SHOP', 97);

insert into
    `voucher_appliance`
values
    (8, 'SHOP', 110);

insert into
    `voucher_appliance`
values
    (8, 'SHOP', 71);

insert into
    `voucher_appliance`
values
    (8, 'SHOP', 11);

insert into
    `voucher_appliance`
values
    (8, 'SHOP', 36);

insert into
    `voucher_appliance`
values
    (8, 'SHOP', 58);

insert into
    `voucher_appliance`
values
    (8, 'SHOP', 62);

insert into
    `voucher_appliance`
values
    (8, 'SHOP', 114);

insert into
    `voucher_appliance`
values
    (8, 'SHOP', 39);

insert into
    `voucher_appliance`
values
    (8, 'SHOP', 82);

insert into
    `voucher_appliance`
values
    (8, 'SHOP', 59);

insert into
    `voucher_appliance`
values
    (8, 'SHOP', 37);

insert into
    `voucher_appliance`
values
    (8, 'SHOP', 26);

insert into
    `voucher_appliance`
values
    (8, 'SHOP', 90);

insert into
    `voucher_appliance`
values
    (8, 'SHOP', 27);

insert into
    `voucher_appliance`
values
    (8, 'SHOP', 88);

insert into
    `voucher_appliance`
values
    (8, 'SHOP', 115);

insert into
    `voucher_appliance`
values
    (8, 'SHOP', 64);

insert into
    `voucher_appliance`
values
    (8, 'SHOP', 117);

insert into
    `voucher_appliance`
values
    (8, 'SHOP', 6);

insert into
    `voucher_appliance`
values
    (8, 'SHOP', 106);

insert into
    `voucher_appliance`
values
    (8, 'SHOP', 93);

insert into
    `voucher_appliance`
values
    (8, 'SHOP', 16);

insert into
    `voucher_appliance`
values
    (8, 'SHOP', 77);

insert into
    `voucher_appliance`
values
    (8, 'SHOP', 76);

insert into
    `voucher_appliance`
values
    (8, 'SHOP', 40);

insert into
    `voucher_appliance`
values
    (8, 'SHOP', 91);

insert into
    `voucher_appliance`
values
    (8, 'SHOP', 51);

insert into
    `voucher_appliance`
values
    (8, 'SHOP', 52);

insert into
    `voucher_appliance`
values
    (8, 'SHOP', 86);

insert into
    `voucher_appliance`
values
    (8, 'SHOP', 19);

insert into
    `voucher_appliance`
values
    (8, 'SHOP', 41);

insert into
    `voucher_appliance`
values
    (8, 'SHOP', 109);

insert into
    `voucher_appliance`
values
    (8, 'SHOP', 61);

insert into
    `voucher_appliance`
values
    (8, 'SHOP', 1);

insert into
    `voucher_appliance`
values
    (8, 'SHOP', 81);

insert into
    `voucher_appliance`
values
    (8, 'SHOP', 72);

insert into
    `voucher_appliance`
values
    (8, 'SHOP', 63);

insert into
    `voucher_appliance`
values
    (8, 'SHOP', 5);

insert into
    `voucher_appliance`
values
    (8, 'SHOP', 14);

insert into
    `voucher_appliance`
values
    (8, 'SHOP', 89);

insert into
    `voucher_appliance`
values
    (8, 'SHOP', 10);

insert into
    `voucher_appliance`
values
    (9, 'SHOP', 13);

insert into
    `voucher_appliance`
values
    (9, 'SHOP', 108);

insert into
    `voucher_appliance`
values
    (9, 'SHOP', 65);

insert into
    `voucher_appliance`
values
    (9, 'SHOP', 117);

insert into
    `voucher_appliance`
values
    (9, 'SHOP', 110);

insert into
    `voucher_appliance`
values
    (9, 'SHOP', 11);

insert into
    `voucher_appliance`
values
    (9, 'SHOP', 121);

insert into
    `voucher_appliance`
values
    (9, 'SHOP', 99);

insert into
    `voucher_appliance`
values
    (9, 'SHOP', 106);

insert into
    `voucher_appliance`
values
    (9, 'SHOP', 43);

insert into
    `voucher_appliance`
values
    (9, 'SHOP', 8);

insert into
    `voucher_appliance`
values
    (9, 'SHOP', 78);

insert into
    `voucher_appliance`
values
    (9, 'SHOP', 120);

insert into
    `voucher_appliance`
values
    (9, 'SHOP', 15);

insert into
    `voucher_appliance`
values
    (9, 'SHOP', 25);

insert into
    `voucher_appliance`
values
    (9, 'SHOP', 27);

insert into
    `voucher_appliance`
values
    (9, 'SHOP', 64);

insert into
    `voucher_appliance`
values
    (9, 'SHOP', 55);

insert into
    `voucher_appliance`
values
    (9, 'SHOP', 20);

insert into
    `voucher_appliance`
values
    (9, 'SHOP', 59);

insert into
    `voucher_appliance`
values
    (9, 'SHOP', 24);

insert into
    `voucher_appliance`
values
    (9, 'SHOP', 104);

insert into
    `voucher_appliance`
values
    (9, 'SHOP', 111);

insert into
    `voucher_appliance`
values
    (9, 'SHOP', 21);

insert into
    `voucher_appliance`
values
    (9, 'SHOP', 47);

insert into
    `voucher_appliance`
values
    (9, 'SHOP', 31);

insert into
    `voucher_appliance`
values
    (9, 'SHOP', 41);

insert into
    `voucher_appliance`
values
    (9, 'SHOP', 60);

insert into
    `voucher_appliance`
values
    (9, 'SHOP', 50);

insert into
    `voucher_appliance`
values
    (9, 'SHOP', 112);

insert into
    `voucher_appliance`
values
    (9, 'SHOP', 44);

insert into
    `voucher_appliance`
values
    (9, 'SHOP', 28);

insert into
    `voucher_appliance`
values
    (9, 'SHOP', 107);

insert into
    `voucher_appliance`
values
    (9, 'SHOP', 37);

insert into
    `voucher_appliance`
values
    (9, 'SHOP', 32);

insert into
    `voucher_appliance`
values
    (9, 'SHOP', 56);

insert into
    `voucher_appliance`
values
    (9, 'SHOP', 114);

insert into
    `voucher_appliance`
values
    (9, 'SHOP', 67);

insert into
    `voucher_appliance`
values
    (9, 'SHOP', 77);

insert into
    `voucher_appliance`
values
    (9, 'SHOP', 109);

insert into
    `voucher_appliance`
values
    (9, 'SHOP', 3);

insert into
    `voucher_appliance`
values
    (9, 'SHOP', 96);

insert into
    `voucher_appliance`
values
    (9, 'SHOP', 93);

insert into
    `voucher_appliance`
values
    (9, 'SHOP', 39);

insert into
    `voucher_appliance`
values
    (9, 'SHOP', 97);

insert into
    `voucher_appliance`
values
    (9, 'SHOP', 74);

insert into
    `voucher_appliance`
values
    (9, 'SHOP', 87);

insert into
    `voucher_appliance`
values
    (9, 'SHOP', 5);

insert into
    `voucher_appliance`
values
    (9, 'SHOP', 18);

insert into
    `voucher_appliance`
values
    (9, 'SHOP', 36);

insert into
    `voucher_appliance`
values
    (9, 'SHOP', 42);

insert into
    `voucher_appliance`
values
    (10, 'SHOP', 28);

insert into
    `voucher_appliance`
values
    (10, 'SHOP', 114);

insert into
    `voucher_appliance`
values
    (10, 'SHOP', 33);

insert into
    `voucher_appliance`
values
    (10, 'SHOP', 19);

insert into
    `voucher_appliance`
values
    (10, 'SHOP', 35);

insert into
    `voucher_appliance`
values
    (10, 'SHOP', 53);

insert into
    `voucher_appliance`
values
    (10, 'SHOP', 13);

insert into
    `voucher_appliance`
values
    (10, 'SHOP', 70);

insert into
    `voucher_appliance`
values
    (10, 'SHOP', 50);

insert into
    `voucher_appliance`
values
    (10, 'SHOP', 49);

insert into
    `voucher_appliance`
values
    (11, 'SHOP', 6);

insert into
    `voucher_appliance`
values
    (11, 'SHOP', 26);

insert into
    `voucher_appliance`
values
    (11, 'SHOP', 76);

insert into
    `voucher_appliance`
values
    (11, 'SHOP', 34);

insert into
    `voucher_appliance`
values
    (11, 'SHOP', 60);

insert into
    `voucher_appliance`
values
    (11, 'SHOP', 11);

insert into
    `voucher_appliance`
values
    (12, 'SHOP', 31);

insert into
    `voucher_appliance`
values
    (12, 'SHOP', 108);

insert into
    `voucher_appliance`
values
    (12, 'SHOP', 3);

insert into
    `voucher_appliance`
values
    (12, 'SHOP', 91);

insert into
    `voucher_appliance`
values
    (12, 'SHOP', 57);

insert into
    `voucher_appliance`
values
    (12, 'SHOP', 90);

insert into
    `voucher_appliance`
values
    (12, 'SHOP', 64);

insert into
    `voucher_appliance`
values
    (12, 'SHOP', 8);

insert into
    `voucher_appliance`
values
    (12, 'SHOP', 45);

insert into
    `voucher_appliance`
values
    (12, 'SHOP', 98);

insert into
    `voucher_appliance`
values
    (12, 'SHOP', 73);

insert into
    `voucher_appliance`
values
    (12, 'SHOP', 5);

insert into
    `voucher_appliance`
values
    (12, 'SHOP', 17);

insert into
    `voucher_appliance`
values
    (12, 'SHOP', 21);

insert into
    `voucher_appliance`
values
    (12, 'SHOP', 58);

insert into
    `voucher_appliance`
values
    (12, 'SHOP', 13);

insert into
    `voucher_appliance`
values
    (12, 'SHOP', 38);

insert into
    `voucher_appliance`
values
    (13, 'SHOP', 90);

insert into
    `voucher_appliance`
values
    (13, 'SHOP', 85);

insert into
    `voucher_appliance`
values
    (13, 'SHOP', 43);

insert into
    `voucher_appliance`
values
    (13, 'SHOP', 94);

insert into
    `voucher_appliance`
values
    (13, 'SHOP', 12);

insert into
    `voucher_appliance`
values
    (13, 'SHOP', 74);

insert into
    `voucher_appliance`
values
    (13, 'SHOP', 27);

insert into
    `voucher_appliance`
values
    (13, 'SHOP', 33);

insert into
    `voucher_appliance`
values
    (13, 'SHOP', 19);

insert into
    `voucher_appliance`
values
    (13, 'SHOP', 73);

insert into
    `voucher_appliance`
values
    (13, 'SHOP', 72);

insert into
    `voucher_appliance`
values
    (13, 'SHOP', 77);

insert into
    `voucher_appliance`
values
    (13, 'SHOP', 71);

insert into
    `voucher_appliance`
values
    (13, 'SHOP', 47);

insert into
    `voucher_appliance`
values
    (14, 'SHOP', 10);

insert into
    `voucher_appliance`
values
    (14, 'SHOP', 61);

insert into
    `voucher_appliance`
values
    (14, 'SHOP', 112);

insert into
    `voucher_appliance`
values
    (14, 'SHOP', 27);

insert into
    `voucher_appliance`
values
    (14, 'SHOP', 78);

insert into
    `voucher_appliance`
values
    (14, 'SHOP', 65);

insert into
    `voucher_appliance`
values
    (14, 'SHOP', 25);

insert into
    `voucher_appliance`
values
    (14, 'SHOP', 35);

insert into
    `voucher_appliance`
values
    (14, 'SHOP', 98);

insert into
    `voucher_appliance`
values
    (14, 'SHOP', 70);

insert into
    `voucher_appliance`
values
    (14, 'SHOP', 62);

insert into
    `voucher_appliance`
values
    (14, 'SHOP', 99);

insert into
    `voucher_appliance`
values
    (14, 'SHOP', 117);

insert into
    `voucher_appliance`
values
    (14, 'SHOP', 4);

insert into
    `voucher_appliance`
values
    (14, 'SHOP', 9);

insert into
    `voucher_appliance`
values
    (14, 'SHOP', 58);

insert into
    `voucher_appliance`
values
    (14, 'SHOP', 73);

insert into
    `voucher_appliance`
values
    (14, 'SHOP', 3);

insert into
    `voucher_appliance`
values
    (14, 'SHOP', 92);

insert into
    `voucher_appliance`
values
    (14, 'SHOP', 52);

insert into
    `voucher_appliance`
values
    (14, 'SHOP', 7);

insert into
    `voucher_appliance`
values
    (14, 'SHOP', 44);

insert into
    `voucher_appliance`
values
    (14, 'SHOP', 115);

insert into
    `voucher_appliance`
values
    (14, 'SHOP', 106);

insert into
    `voucher_appliance`
values
    (14, 'SHOP', 48);

insert into
    `voucher_appliance`
values
    (14, 'SHOP', 59);

insert into
    `voucher_appliance`
values
    (14, 'SHOP', 89);

insert into
    `voucher_appliance`
values
    (14, 'SHOP', 69);

insert into
    `voucher_appliance`
values
    (14, 'SHOP', 110);

insert into
    `voucher_appliance`
values
    (14, 'SHOP', 46);

insert into
    `voucher_appliance`
values
    (15, 'SHOP', 33);

insert into
    `voucher_appliance`
values
    (15, 'SHOP', 45);

insert into
    `voucher_appliance`
values
    (15, 'SHOP', 12);

insert into
    `voucher_appliance`
values
    (15, 'SHOP', 26);

insert into
    `voucher_appliance`
values
    (15, 'SHOP', 92);

------- OWNER IS USER
insert into
    `voucher_appliance`
values
    (16, 'USER', 39);

insert into
    `voucher_appliance`
values
    (16, 'USER', 37);

insert into
    `voucher_appliance`
values
    (16, 'USER', 48);

insert into
    `voucher_appliance`
values
    (16, 'USER', 6);

insert into
    `voucher_appliance`
values
    (16, 'USER', 12);

insert into
    `voucher_appliance`
values
    (16, 'USER', 24);

insert into
    `voucher_appliance`
values
    (16, 'USER', 47);

insert into
    `voucher_appliance`
values
    (16, 'USER', 27);

insert into
    `voucher_appliance`
values
    (16, 'USER', 31);

insert into
    `voucher_appliance`
values
    (16, 'USER', 26);

insert into
    `voucher_appliance`
values
    (16, 'USER', 13);

insert into
    `voucher_appliance`
values
    (16, 'USER', 5);

insert into
    `voucher_appliance`
values
    (16, 'USER', 44);

insert into
    `voucher_appliance`
values
    (16, 'USER', 8);

insert into
    `voucher_appliance`
values
    (16, 'USER', 22);

insert into
    `voucher_appliance`
values
    (16, 'USER', 18);

insert into
    `voucher_appliance`
values
    (16, 'USER', 28);

insert into
    `voucher_appliance`
values
    (16, 'USER', 21);

insert into
    `voucher_appliance`
values
    (16, 'USER', 40);

insert into
    `voucher_appliance`
values
    (16, 'USER', 50);

insert into
    `voucher_appliance`
values
    (16, 'USER', 15);

insert into
    `voucher_appliance`
values
    (16, 'USER', 14);

insert into
    `voucher_appliance`
values
    (16, 'USER', 2);

insert into
    `voucher_appliance`
values
    (16, 'USER', 32);

insert into
    `voucher_appliance`
values
    (16, 'USER', 29);

insert into
    `voucher_appliance`
values
    (16, 'USER', 20);

insert into
    `voucher_appliance`
values
    (16, 'USER', 35);

insert into
    `voucher_appliance`
values
    (17, 'USER', 15);

insert into
    `voucher_appliance`
values
    (17, 'USER', 22);

insert into
    `voucher_appliance`
values
    (17, 'USER', 29);

insert into
    `voucher_appliance`
values
    (17, 'USER', 10);

insert into
    `voucher_appliance`
values
    (17, 'USER', 16);

insert into
    `voucher_appliance`
values
    (17, 'USER', 11);

insert into
    `voucher_appliance`
values
    (17, 'USER', 35);

insert into
    `voucher_appliance`
values
    (17, 'USER', 43);

insert into
    `voucher_appliance`
values
    (17, 'USER', 44);

insert into
    `voucher_appliance`
values
    (17, 'USER', 21);

insert into
    `voucher_appliance`
values
    (17, 'USER', 31);

insert into
    `voucher_appliance`
values
    (17, 'USER', 42);

insert into
    `voucher_appliance`
values
    (17, 'USER', 32);

insert into
    `voucher_appliance`
values
    (17, 'USER', 28);

insert into
    `voucher_appliance`
values
    (17, 'USER', 33);

insert into
    `voucher_appliance`
values
    (17, 'USER', 19);

insert into
    `voucher_appliance`
values
    (17, 'USER', 7);

insert into
    `voucher_appliance`
values
    (17, 'USER', 36);

insert into
    `voucher_appliance`
values
    (17, 'USER', 50);

insert into
    `voucher_appliance`
values
    (17, 'USER', 4);

insert into
    `voucher_appliance`
values
    (17, 'USER', 2);

insert into
    `voucher_appliance`
values
    (18, 'USER', 43);

insert into
    `voucher_appliance`
values
    (18, 'USER', 3);

insert into
    `voucher_appliance`
values
    (18, 'USER', 36);

insert into
    `voucher_appliance`
values
    (18, 'USER', 17);

insert into
    `voucher_appliance`
values
    (18, 'USER', 13);

insert into
    `voucher_appliance`
values
    (18, 'USER', 30);

insert into
    `voucher_appliance`
values
    (18, 'USER', 4);

insert into
    `voucher_appliance`
values
    (18, 'USER', 25);

insert into
    `voucher_appliance`
values
    (18, 'USER', 45);

insert into
    `voucher_appliance`
values
    (18, 'USER', 31);

insert into
    `voucher_appliance`
values
    (18, 'USER', 50);

insert into
    `voucher_appliance`
values
    (19, 'USER', 11);

insert into
    `voucher_appliance`
values
    (19, 'USER', 3);

insert into
    `voucher_appliance`
values
    (19, 'USER', 41);

insert into
    `voucher_appliance`
values
    (19, 'USER', 30);

insert into
    `voucher_appliance`
values
    (19, 'USER', 39);

insert into
    `voucher_appliance`
values
    (19, 'USER', 24);

insert into
    `voucher_appliance`
values
    (19, 'USER', 50);

insert into
    `voucher_appliance`
values
    (19, 'USER', 20);

insert into
    `voucher_appliance`
values
    (19, 'USER', 14);

insert into
    `voucher_appliance`
values
    (19, 'USER', 35);

insert into
    `voucher_appliance`
values
    (19, 'USER', 28);

insert into
    `voucher_appliance`
values
    (19, 'USER', 12);

insert into
    `voucher_appliance`
values
    (19, 'USER', 5);

insert into
    `voucher_appliance`
values
    (19, 'USER', 21);

insert into
    `voucher_appliance`
values
    (19, 'USER', 36);

insert into
    `voucher_appliance`
values
    (19, 'USER', 37);

insert into
    `voucher_appliance`
values
    (19, 'USER', 22);

insert into
    `voucher_appliance`
values
    (19, 'USER', 25);

insert into
    `voucher_appliance`
values
    (19, 'USER', 18);

insert into
    `voucher_appliance`
values
    (19, 'USER', 46);

insert into
    `voucher_appliance`
values
    (19, 'USER', 34);

insert into
    `voucher_appliance`
values
    (19, 'USER', 13);

insert into
    `voucher_appliance`
values
    (19, 'USER', 4);

insert into
    `voucher_appliance`
values
    (19, 'USER', 47);

insert into
    `voucher_appliance`
values
    (19, 'USER', 8);

insert into
    `voucher_appliance`
values
    (19, 'USER', 19);

insert into
    `voucher_appliance`
values
    (19, 'USER', 7);

insert into
    `voucher_appliance`
values
    (19, 'USER', 1);

insert into
    `voucher_appliance`
values
    (19, 'USER', 40);

insert into
    `voucher_appliance`
values
    (19, 'USER', 15);

insert into
    `voucher_appliance`
values
    (19, 'USER', 9);

insert into
    `voucher_appliance`
values
    (19, 'USER', 23);

insert into
    `voucher_appliance`
values
    (20, 'USER', 32);

insert into
    `voucher_appliance`
values
    (20, 'USER', 44);

insert into
    `voucher_appliance`
values
    (20, 'USER', 24);

insert into
    `voucher_appliance`
values
    (20, 'USER', 43);

insert into
    `voucher_appliance`
values
    (20, 'USER', 29);

insert into
    `voucher_appliance`
values
    (20, 'USER', 34);

insert into
    `voucher_appliance`
values
    (20, 'USER', 36);

insert into
    `voucher_appliance`
values
    (20, 'USER', 13);

insert into
    `voucher_appliance`
values
    (20, 'USER', 7);

insert into
    `voucher_appliance`
values
    (20, 'USER', 42);

insert into
    `voucher_appliance`
values
    (20, 'USER', 41);

insert into
    `voucher_appliance`
values
    (20, 'USER', 2);

insert into
    `voucher_appliance`
values
    (20, 'USER', 35);

insert into
    `voucher_appliance`
values
    (20, 'USER', 31);

insert into
    `voucher_appliance`
values
    (20, 'USER', 3);

insert into
    `voucher_appliance`
values
    (20, 'USER', 22);

-------------STATUS
insert into
    `status` (`name`)
values
    ('Submitted');

insert into
    `status` (`name`)
values
    ('Confirmed');

insert into
    `status` (`name`)
values
    ('Assigned');

insert into
    `status` (`name`)
values
    ('Picked');

insert into
    `status` (`name`)
values
    ('Completed');

insert into
    `status` (`name`)
values
    ('Cancel');

-------------ORDER
INSERT INTO
    `order`
VALUES
    (
        1,
        1,
        22,
        106,
        67,
        'edc59c8b-1afa-47d7-914e-5c4485a96893',
        '2022-01-02 04:28:03',
        '60 Tân Mai Bắc Từ Liêm Hà Nội',
        'Cầu Giấy',
        NULL,
        'Nhiều tương ớt',
        15000,
        20000,
        255000
    ),
(
        2,
        1,
        12,
        59,
        93,
        'c646ec5d-aef2-49a3-91f4-b259552bc0d5',
        '2022-01-05 19:13:14',
        '161 Tân Mai Long Biên Hà Nội',
        'Thanh Xuân',
        NULL,
        'Nhiều tương ớt',
        15000,
        50000,
        308000
    ),
(
        3,
        1,
        4,
        42,
        98,
        '14396132-c22c-46dd-b808-3ea639994055',
        '2022-01-05 03:48:42',
        '105 Tân Mai Thanh Xuân Hà Nội',
        'Hoàng Mai',
        NULL,
        'Nhiều tương ớt',
        15000,
        15000,
        188000
    ),
(
        4,
        1,
        41,
        107,
        93,
        '5835b44f-32bf-4098-8467-817696f33f48',
        '2022-01-03 09:19:12',
        '172 Tân Mai Nam Từ Liêm Hà Nội',
        'Bắc Từ Liêm',
        NULL,
        'Nhiều tương ớt',
        15000,
        20000,
        71400
    ),
(
        5,
        1,
        38,
        92,
        67,
        '10ca184d-3503-402b-b0c7-97ee58ecb9c0',
        '2022-01-04 17:18:34',
        '32 Tân Mai Tây Hồ Hà Nội',
        'Tây Hồ',
        NULL,
        'Nhiều tương ớt',
        15000,
        70000,
        160000
    ),
(
        6,
        1,
        45,
        89,
        55,
        'e6e4e583-55ed-47d3-85c7-3f73f32bd55b',
        '2022-01-04 14:20:30',
        '31 Tân Mai Hoàng Mai Hà Nội',
        'Hoàng Mai',
        NULL,
        'Nhiều tương ớt',
        15000,
        20000,
        208000
    ),
(
        7,
        1,
        3,
        61,
        88,
        '601a7529-61a4-4b40-8e7c-63e9df5e4703',
        '2022-01-01 04:38:05',
        '247 Tân Mai Hai Bà Trưng Hà Nội',
        'Ba Đình',
        NULL,
        'Nhiều tương ớt',
        15000,
        15000,
        260000
    ),
(
        8,
        1,
        36,
        65,
        76,
        '392850bb-d9e6-42eb-8b34-629e0761a40c',
        '2022-01-01 12:44:53',
        '278 Tân Mai Hà Đông Hà Nội',
        'Hai Bà Trưng',
        NULL,
        'Nhiều tương ớt',
        15000,
        50000,
        105000
    ),
(
        9,
        1,
        40,
        104,
        71,
        'ee62466d-ee67-43e9-a701-c45388e2c413',
        '2022-01-04 10:25:27',
        '207 Tân Mai Cầu Giấy Hà Nội',
        'Hai Bà Trưng',
        NULL,
        'Nhiều tương ớt',
        15000,
        15000,
        918000
    ),
(
        10,
        1,
        20,
        100,
        88,
        '703abae9-8820-4df7-9fd3-e615ed6ccf46',
        '2022-01-01 08:26:08',
        '46 Tân Mai Tây Hồ Hà Nội',
        'Nam Từ Liêm',
        NULL,
        'Nhiều tương ớt',
        15000,
        50000,
        83000
    ),
(
        11,
        1,
        28,
        60,
        75,
        'ba6058d7-8375-45a9-9653-68fa537d01a0',
        '2022-01-03 21:45:59',
        '3 Tân Mai Hoàn Kiếm Hà Nội',
        'Hoàng Mai',
        NULL,
        'Nhiều tương ớt',
        15000,
        15000,
        300000
    ),
(
        12,
        1,
        25,
        114,
        64,
        '546fe31a-7231-446d-b27d-5f049ce2e684',
        '2022-01-02 16:33:22',
        '27 Tân Mai Nam Từ Liêm Hà Nội',
        'Nam Từ Liêm',
        NULL,
        'Nhiều tương ớt',
        15000,
        70000,
        166000
    ),
(
        13,
        1,
        40,
        101,
        81,
        '712d83f0-e673-4247-a854-6172ed6e32fc',
        '2022-01-05 14:01:05',
        '207 Tân Mai Cầu Giấy Hà Nội',
        'Hai Bà Trưng',
        NULL,
        'Nhiều tương ớt',
        15000,
        70000,
        237000
    ),
(
        14,
        1,
        32,
        51,
        85,
        '24951e97-4736-4d2a-9f0a-9de53fc735ea',
        '2022-01-02 03:42:47',
        '168 Tân Mai Hà Đông Hà Nội',
        'Bắc Từ Liêm',
        NULL,
        'Nhiều tương ớt',
        15000,
        20000,
        48000
    ),
(
        15,
        1,
        19,
        72,
        78,
        'af316ae4-97c7-40f8-97c5-bc5ab43419fc',
        '2022-01-03 04:43:33',
        '65 Tân Mai Đống Đa Hà Nội',
        'Tây Hồ',
        NULL,
        'Nhiều tương ớt',
        15000,
        20000,
        82000
    ),
(
        16,
        1,
        12,
        37,
        96,
        'df582b43-c6c3-4268-9aa1-eac452f996e0',
        '2022-01-05 16:43:53',
        '161 Tân Mai Long Biên Hà Nội',
        'Thanh Xuân',
        NULL,
        'Nhiều tương ớt',
        15000,
        20000,
        300000
    ),
(
        17,
        1,
        34,
        104,
        76,
        '730effd1-2545-4cb2-ac28-51545dd52868',
        '2022-01-01 21:10:54',
        '106 Tân Mai Thanh Xuân Hà Nội',
        'Hoàng Mai',
        NULL,
        'Nhiều tương ớt',
        15000,
        50000,
        90000
    ),
(
        18,
        1,
        16,
        101,
        70,
        '27b59c80-3448-4001-b670-6b7310483347',
        '2022-01-04 20:00:14',
        '77 Tân Mai Hà Đông Hà Nội',
        'Thanh Xuân',
        NULL,
        'Nhiều tương ớt',
        15000,
        15000,
        200000
    ),
(
        19,
        1,
        19,
        4,
        99,
        'c70d1c06-c856-4495-aecd-1a189daad5a6',
        '2022-01-01 22:22:08',
        '65 Tân Mai Đống Đa Hà Nội',
        'Tây Hồ',
        NULL,
        'Nhiều tương ớt',
        15000,
        70000,
        78500
    ),
(
        20,
        1,
        45,
        65,
        76,
        'cb3555cd-dbb7-4f9a-8b52-1d5befbc12d8',
        '2022-01-01 07:17:18',
        '31 Tân Mai Hoàng Mai Hà Nội',
        'Hoàng Mai',
        NULL,
        'Nhiều tương ớt',
        15000,
        50000,
        135000
    ),
(
        21,
        1,
        11,
        114,
        84,
        'd5dda895-f124-46fd-bb6b-ff34af448c96',
        '2022-01-01 20:39:02',
        '258 Tân Mai Tây Hồ Hà Nội',
        'Thanh Xuân',
        NULL,
        'Nhiều tương ớt',
        15000,
        15000,
        1022000
    ),
(
        22,
        1,
        3,
        15,
        58,
        '4c0bfce8-1300-4c80-9753-c21794186ae4',
        '2022-01-04 15:00:29',
        '247 Tân Mai Hai Bà Trưng Hà Nội',
        'Ba Đình',
        NULL,
        'Nhiều tương ớt',
        15000,
        20000,
        460000
    ),
(
        23,
        1,
        49,
        15,
        96,
        '37f83432-cd69-400f-adac-ba0340573950',
        '2022-01-02 10:25:00',
        '191 Tân Mai Hoàn Kiếm Hà Nội',
        'Long Biên',
        NULL,
        'Nhiều tương ớt',
        15000,
        20000,
        329400
    ),
(
        24,
        1,
        7,
        88,
        63,
        '3be71e2c-9884-4ded-80d1-d16e693fde56',
        '2022-01-03 02:31:53',
        '132 Tân Mai Bắc Từ Liêm Hà Nội',
        'Thanh Xuân',
        NULL,
        'Nhiều tương ớt',
        15000,
        15000,
        162000
    ),
(
        25,
        1,
        20,
        62,
        78,
        '233ac48b-7118-4ab4-aee0-5f713f7c13fb',
        '2022-01-04 08:36:16',
        '46 Tân Mai Tây Hồ Hà Nội',
        'Nam Từ Liêm',
        NULL,
        'Nhiều tương ớt',
        15000,
        20000,
        150000
    ),
(
        26,
        1,
        9,
        114,
        98,
        '8a1d359a-3aca-4970-b2af-f7c220aff771',
        '2022-01-04 10:27:24',
        '223 Tân Mai Long Biên Hà Nội',
        'Hoàn Kiếm',
        NULL,
        'Nhiều tương ớt',
        15000,
        70000,
        250000
    ),
(
        27,
        1,
        18,
        100,
        67,
        'e93391c5-e84f-47b3-8863-138040b4130c',
        '2022-01-01 16:05:49',
        '135 Tân Mai Cầu Giấy Hà Nội',
        'Hai Bà Trưng',
        NULL,
        'Nhiều tương ớt',
        15000,
        20000,
        448000
    ),
(
        28,
        1,
        3,
        121,
        56,
        'a6d8b9d8-1f31-45ba-a6eb-bf019724f886',
        '2022-01-05 02:37:55',
        '247 Tân Mai Hai Bà Trưng Hà Nội',
        'Ba Đình',
        NULL,
        'Nhiều tương ớt',
        15000,
        50000,
        66000
    ),
(
        29,
        1,
        40,
        11,
        100,
        '91c0b6db-f57d-4e1b-9b8d-7ad054fc7b79',
        '2022-01-02 21:26:17',
        '207 Tân Mai Cầu Giấy Hà Nội',
        'Hai Bà Trưng',
        NULL,
        'Nhiều tương ớt',
        15000,
        50000,
        327000
    ),
(
        30,
        2,
        32,
        70,
        80,
        'be5d12b6-d032-4e2f-a61d-767b01791658',
        '2022-01-01 18:39:01',
        '168 Tân Mai Hà Đông Hà Nội',
        'Bắc Từ Liêm',
        NULL,
        'Nhiều tương ớt',
        15000,
        50000,
        165000
    ),
(
        31,
        2,
        23,
        30,
        92,
        '5eca33c7-0274-4b94-a6e5-40b25fa30921',
        '2022-01-04 14:40:07',
        '25 Tân Mai Hoàng Mai Hà Nội',
        'Đống Đa',
        NULL,
        'Nhiều tương ớt',
        15000,
        70000,
        200000
    ),
(
        32,
        2,
        19,
        84,
        87,
        '986186a2-10a8-497d-bce2-02aee1235956',
        '2022-01-01 09:46:55',
        '65 Tân Mai Đống Đa Hà Nội',
        'Tây Hồ',
        NULL,
        'Nhiều tương ớt',
        15000,
        20000,
        44000
    ),
(
        33,
        2,
        47,
        78,
        84,
        'e912cae7-00c4-4b60-9a4d-3d19a1676ac6',
        '2022-01-02 19:36:20',
        '18 Tân Mai Bắc Từ Liêm Hà Nội',
        'Thanh Xuân',
        NULL,
        'Nhiều tương ớt',
        15000,
        70000,
        82800
    ),
(
        34,
        2,
        4,
        66,
        79,
        '28e04f18-b240-43e6-b3a8-d1d9a4789c0e',
        '2022-01-05 14:12:23',
        '105 Tân Mai Thanh Xuân Hà Nội',
        'Hoàng Mai',
        NULL,
        'Nhiều tương ớt',
        15000,
        70000,
        75000
    ),
(
        35,
        2,
        31,
        58,
        74,
        '1cb60ce6-314f-41a9-8d19-247cd1a0ad69',
        '2022-01-02 07:22:59',
        '162 Tân Mai Bắc Từ Liêm Hà Nội',
        'Hoàng Mai',
        NULL,
        'Nhiều tương ớt',
        15000,
        70000,
        880000
    ),
(
        36,
        2,
        10,
        12,
        82,
        '708a8c86-c147-4cb9-88a8-29630b1bc1f4',
        '2022-01-01 01:14:46',
        '191 Tân Mai Long Biên Hà Nội',
        'Nam Từ Liêm',
        NULL,
        'Nhiều tương ớt',
        15000,
        20000,
        150000
    ),
(
        37,
        2,
        29,
        106,
        94,
        '43675c48-119f-49cb-b917-1c3294966b0b',
        '2022-01-03 05:15:06',
        '22 Tân Mai Nam Từ Liêm Hà Nội',
        'Ba Đình',
        NULL,
        'Nhiều tương ớt',
        15000,
        50000,
        37000
    ),
(
        38,
        2,
        22,
        42,
        78,
        '045849ec-24b1-46d8-bad8-9fd3ec3d2a06',
        '2022-01-04 08:04:32',
        '60 Tân Mai Bắc Từ Liêm Hà Nội',
        'Cầu Giấy',
        NULL,
        'Nhiều tương ớt',
        15000,
        50000,
        30000
    ),
(
        39,
        2,
        44,
        99,
        59,
        '0ccd6c7c-e186-4bab-aa3e-afeae18e854f',
        '2022-01-03 05:08:25',
        '95 Tân Mai Hoàng Mai Hà Nội',
        'Hoàn Kiếm',
        NULL,
        'Nhiều tương ớt',
        15000,
        15000,
        129000
    ),
(
        40,
        2,
        26,
        55,
        89,
        'e8f22875-c0c3-4e2e-aa39-84ade8dbd9df',
        '2022-01-04 17:44:31',
        '262 Tân Mai Long Biên Hà Nội',
        'Hoàng Mai',
        NULL,
        'Nhiều tương ớt',
        15000,
        20000,
        11000
    ),
(
        41,
        2,
        24,
        37,
        97,
        'a8ece057-8cdf-489f-bf1a-f1fc543fa0f8',
        '2022-01-02 08:58:25',
        '78 Tân Mai Bắc Từ Liêm Hà Nội',
        'Nam Từ Liêm',
        NULL,
        'Nhiều tương ớt',
        15000,
        70000,
        90000
    ),
(
        42,
        2,
        30,
        83,
        75,
        '04190ba1-288e-4ded-9307-f6ee5844877d',
        '2022-01-05 20:23:45',
        '119 Tân Mai Long Biên Hà Nội',
        'Thanh Xuân',
        NULL,
        'Nhiều tương ớt',
        15000,
        15000,
        300000
    ),
(
        43,
        2,
        49,
        60,
        57,
        '61a90035-2749-4097-8d81-c2cca975ed9d',
        '2022-01-04 13:47:30',
        '191 Tân Mai Hoàn Kiếm Hà Nội',
        'Long Biên',
        NULL,
        'Nhiều tương ớt',
        15000,
        20000,
        602100
    ),
(
        44,
        2,
        30,
        37,
        51,
        '2e4d1d4a-4e6f-4051-b4cd-c8da0e6b7175',
        '2022-01-01 02:56:18',
        '119 Tân Mai Long Biên Hà Nội',
        'Thanh Xuân',
        NULL,
        'Nhiều tương ớt',
        15000,
        15000,
        91000
    ),
(
        45,
        2,
        31,
        96,
        71,
        'c26d967d-44ec-4a78-8765-c6a457a9df30',
        '2022-01-02 17:22:18',
        '162 Tân Mai Bắc Từ Liêm Hà Nội',
        'Hoàng Mai',
        NULL,
        'Nhiều tương ớt',
        15000,
        20000,
        580000
    ),
(
        46,
        2,
        33,
        108,
        72,
        'ce53c66b-f173-4f95-aee4-b031bdf7f4f2',
        '2022-01-04 10:15:19',
        '190 Tân Mai Tây Hồ Hà Nội',
        'Long Biên',
        NULL,
        'Nhiều tương ớt',
        15000,
        70000,
        80000
    ),
(
        47,
        2,
        13,
        85,
        82,
        '0561f2b0-6027-4e09-b25e-ad2e25cf4880',
        '2022-01-02 08:35:38',
        '154 Tân Mai Tây Hồ Hà Nội',
        'Long Biên',
        NULL,
        'Nhiều tương ớt',
        15000,
        20000,
        101400
    ),
(
        48,
        2,
        22,
        31,
        92,
        '1c1e51c9-4002-4780-958b-e5b22d3d8eb2',
        '2022-01-05 08:01:40',
        '60 Tân Mai Bắc Từ Liêm Hà Nội',
        'Cầu Giấy',
        NULL,
        'Nhiều tương ớt',
        15000,
        20000,
        360000
    ),
(
        49,
        2,
        18,
        114,
        85,
        '4b703b1b-954c-4d9b-91d6-626f6ecc1254',
        '2022-01-05 11:47:24',
        '135 Tân Mai Cầu Giấy Hà Nội',
        'Hai Bà Trưng',
        NULL,
        'Nhiều tương ớt',
        15000,
        70000,
        637000
    ),
(
        50,
        2,
        14,
        55,
        90,
        'b47a0f44-d9e0-41fc-955a-fb15bc0dfaa0',
        '2022-01-02 01:42:33',
        '270 Tân Mai Ba Đình Hà Nội',
        'Nam Từ Liêm',
        NULL,
        'Nhiều tương ớt',
        15000,
        50000,
        15000
    ),
(
        51,
        2,
        4,
        86,
        52,
        '6d63a7f2-3c5d-4534-86ad-d620c4f98e51',
        '2022-01-04 08:10:13',
        '105 Tân Mai Thanh Xuân Hà Nội',
        'Hoàng Mai',
        NULL,
        'Nhiều tương ớt',
        15000,
        20000,
        15000
    ),
(
        52,
        2,
        49,
        100,
        53,
        'bcb13271-b965-4bb0-9c74-14225746ae70',
        '2022-01-01 04:41:36',
        '191 Tân Mai Hoàn Kiếm Hà Nội',
        'Long Biên',
        NULL,
        'Nhiều tương ớt',
        15000,
        70000,
        450000
    ),
(
        53,
        2,
        28,
        116,
        83,
        '1faadf24-5181-4351-987d-0584ab5271f4',
        '2022-01-04 20:06:42',
        '3 Tân Mai Hoàn Kiếm Hà Nội',
        'Hoàng Mai',
        NULL,
        'Nhiều tương ớt',
        15000,
        15000,
        29997
    ),
(
        54,
        2,
        27,
        114,
        96,
        '4601de47-df59-4283-acbf-15bca1c1d663',
        '2022-01-03 19:17:33',
        '203 Tân Mai Đống Đa Hà Nội',
        'Hà Đông',
        NULL,
        'Nhiều tương ớt',
        15000,
        50000,
        54000
    ),
(
        55,
        2,
        17,
        32,
        74,
        'c0f26c5e-6366-4f9c-adaf-e2ba50c294b8',
        '2022-01-05 21:34:36',
        '89 Tân Mai Cầu Giấy Hà Nội',
        'Cầu Giấy',
        NULL,
        'Nhiều tương ớt',
        15000,
        50000,
        222000
    ),
(
        56,
        2,
        28,
        115,
        95,
        '64379434-2768-4682-beca-ffd2de430d9b',
        '2022-01-02 20:25:54',
        '3 Tân Mai Hoàn Kiếm Hà Nội',
        'Hoàng Mai',
        NULL,
        'Nhiều tương ớt',
        15000,
        70000,
        150000
    ),
(
        57,
        2,
        11,
        80,
        68,
        '0f4d8f8a-2855-4770-924b-df7c5066c023',
        '2022-01-01 18:14:35',
        '258 Tân Mai Tây Hồ Hà Nội',
        'Thanh Xuân',
        NULL,
        'Nhiều tương ớt',
        15000,
        70000,
        25000
    ),
(
        58,
        2,
        15,
        42,
        94,
        'aa2c9e85-2487-4b51-b81f-69f61306888b',
        '2022-01-02 02:30:49',
        '207 Tân Mai Ba Đình Hà Nội',
        'Nam Từ Liêm',
        NULL,
        'Nhiều tương ớt',
        15000,
        20000,
        95000
    ),
(
        59,
        3,
        40,
        14,
        88,
        '523c3532-0b54-4307-bd9c-7e11d7e3c299',
        '2022-01-03 19:07:45',
        '207 Tân Mai Cầu Giấy Hà Nội',
        'Hai Bà Trưng',
        NULL,
        'Nhiều tương ớt',
        15000,
        50000,
        78000
    ),
(
        60,
        3,
        37,
        78,
        90,
        'fc62f2d0-2d5a-43cd-a537-947b212e6ad5',
        '2022-01-05 11:51:02',
        '210 Tân Mai Hà Đông Hà Nội',
        'Tây Hồ',
        NULL,
        'Nhiều tương ớt',
        15000,
        50000,
        45000
    ),
(
        61,
        3,
        20,
        54,
        69,
        'bb639724-b6f2-4ec7-b5ab-b59a66bd7cd6',
        '2022-01-03 02:27:10',
        '46 Tân Mai Tây Hồ Hà Nội',
        'Nam Từ Liêm',
        NULL,
        'Nhiều tương ớt',
        15000,
        15000,
        165000
    ),
(
        62,
        3,
        43,
        47,
        61,
        '44c218f9-b601-4e60-91ca-0e59af225301',
        '2022-01-01 19:07:40',
        '55 Tân Mai Hai Bà Trưng Hà Nội',
        'Hoàn Kiếm',
        NULL,
        'Nhiều tương ớt',
        15000,
        20000,
        198000
    ),
(
        63,
        3,
        45,
        108,
        61,
        'ae1230cb-cde2-4c0c-85da-995180b6412a',
        '2022-01-03 10:55:36',
        '31 Tân Mai Hoàng Mai Hà Nội',
        'Hoàng Mai',
        NULL,
        'Nhiều tương ớt',
        15000,
        20000,
        56000
    ),
(
        64,
        3,
        38,
        112,
        80,
        'f2bbde08-00ce-477a-ad24-091845c6df9f',
        '2022-01-04 20:56:57',
        '32 Tân Mai Tây Hồ Hà Nội',
        'Tây Hồ',
        NULL,
        'Nhiều tương ớt',
        15000,
        50000,
        6000
    ),
(
        65,
        3,
        5,
        22,
        93,
        '096c4b65-53ce-4b9d-a538-866c053d81f3',
        '2022-01-04 03:31:31',
        '96 Tân Mai Nam Từ Liêm Hà Nội',
        'Cầu Giấy',
        NULL,
        'Nhiều tương ớt',
        15000,
        15000,
        40000
    ),
(
        66,
        3,
        49,
        44,
        97,
        '9f18f76d-9c14-4efe-b17c-2a4e793435a4',
        '2022-01-03 04:36:25',
        '191 Tân Mai Hoàn Kiếm Hà Nội',
        'Long Biên',
        NULL,
        'Nhiều tương ớt',
        15000,
        70000,
        100000
    ),
(
        67,
        3,
        34,
        90,
        84,
        'b1f322ba-f921-469a-90ce-819c446a322a',
        '2022-01-05 15:13:37',
        '106 Tân Mai Thanh Xuân Hà Nội',
        'Hoàng Mai',
        NULL,
        'Nhiều tương ớt',
        15000,
        70000,
        114000
    ),
(
        68,
        3,
        27,
        56,
        77,
        '0a56f56b-e7f8-4c5c-9f9a-0e9b3ccc00ee',
        '2022-01-01 18:11:26',
        '203 Tân Mai Đống Đa Hà Nội',
        'Hà Đông',
        NULL,
        'Nhiều tương ớt',
        15000,
        15000,
        20997
    ),
(
        69,
        3,
        4,
        21,
        71,
        '7e56a6a6-7a57-4fca-8a1a-c6a98dc2b9be',
        '2022-01-01 16:05:53',
        '105 Tân Mai Thanh Xuân Hà Nội',
        'Hoàng Mai',
        NULL,
        'Nhiều tương ớt',
        15000,
        15000,
        33001
    ),
(
        70,
        3,
        15,
        60,
        62,
        '00ce35b1-78b4-4824-90e4-45d774010353',
        '2022-01-05 17:37:56',
        '207 Tân Mai Ba Đình Hà Nội',
        'Nam Từ Liêm',
        NULL,
        'Nhiều tương ớt',
        15000,
        20000,
        55000
    ),
(
        71,
        3,
        35,
        20,
        70,
        '13b33715-6d8d-4f86-ae35-93d25d093e3a',
        '2022-01-01 14:56:26',
        '53 Tân Mai Đống Đa Hà Nội',
        'Ba Đình',
        NULL,
        'Nhiều tương ớt',
        15000,
        15000,
        66000
    ),
(
        72,
        3,
        45,
        46,
        92,
        'dbf565f1-699e-412e-bed3-03ae5e3ef95d',
        '2022-01-05 22:27:00',
        '31 Tân Mai Hoàng Mai Hà Nội',
        'Hoàng Mai',
        NULL,
        'Nhiều tương ớt',
        15000,
        50000,
        780000
    ),
(
        73,
        3,
        34,
        20,
        95,
        '4102abd7-cbd7-435b-a085-834dca6552f3',
        '2022-01-02 21:48:57',
        '106 Tân Mai Thanh Xuân Hà Nội',
        'Hoàng Mai',
        NULL,
        'Nhiều tương ớt',
        15000,
        15000,
        60000
    ),
(
        74,
        3,
        7,
        51,
        89,
        '9e57c474-970c-420f-86a3-f3e80add5722',
        '2022-01-03 15:08:53',
        '132 Tân Mai Bắc Từ Liêm Hà Nội',
        'Thanh Xuân',
        NULL,
        'Nhiều tương ớt',
        15000,
        70000,
        45000
    ),
(
        75,
        3,
        27,
        113,
        86,
        '204ea70f-8180-4ea4-8bb9-2773d28f692f',
        '2022-01-02 12:54:50',
        '203 Tân Mai Đống Đa Hà Nội',
        'Hà Đông',
        NULL,
        'Nhiều tương ớt',
        15000,
        20000,
        81000
    ),
(
        76,
        3,
        32,
        46,
        65,
        '411fb9bd-5b64-4894-9913-88a1d1bc2071',
        '2022-01-01 15:51:30',
        '168 Tân Mai Hà Đông Hà Nội',
        'Bắc Từ Liêm',
        NULL,
        'Nhiều tương ớt',
        15000,
        20000,
        159000
    ),
(
        77,
        3,
        2,
        6,
        88,
        '839e7927-3563-46b5-9ef8-3d3e2886249b',
        '2022-01-04 01:10:34',
        '115 Tân Mai Bắc Từ Liêm Hà Nội',
        'Hoàng Mai',
        NULL,
        'Nhiều tương ớt',
        15000,
        50000,
        17000
    ),
(
        78,
        3,
        45,
        120,
        56,
        '402b9cd7-4dca-4afc-94f7-497b5c3598e7',
        '2022-01-03 17:15:29',
        '31 Tân Mai Hoàng Mai Hà Nội',
        'Hoàng Mai',
        NULL,
        'Nhiều tương ớt',
        15000,
        50000,
        390000
    ),
(
        79,
        3,
        30,
        103,
        90,
        '8e31cc8a-db9b-4507-8ace-7cf6adff994a',
        '2022-01-05 09:09:14',
        '119 Tân Mai Long Biên Hà Nội',
        'Thanh Xuân',
        NULL,
        'Nhiều tương ớt',
        15000,
        50000,
        381000
    ),
(
        80,
        3,
        24,
        8,
        80,
        'd11eba18-db53-42b0-ad12-e33d1c85a989',
        '2022-01-05 20:03:06',
        '78 Tân Mai Bắc Từ Liêm Hà Nội',
        'Nam Từ Liêm',
        NULL,
        'Nhiều tương ớt',
        15000,
        50000,
        55000
    ),
(
        81,
        3,
        18,
        120,
        97,
        'e46a3872-5208-435a-bf8e-7fe741c366f6',
        '2022-01-01 19:42:12',
        '135 Tân Mai Cầu Giấy Hà Nội',
        'Hai Bà Trưng',
        NULL,
        'Nhiều tương ớt',
        15000,
        70000,
        98000
    ),
(
        82,
        3,
        7,
        74,
        95,
        'd0c45a2c-47fc-4705-990e-07557254b86d',
        '2022-01-05 21:50:06',
        '132 Tân Mai Bắc Từ Liêm Hà Nội',
        'Thanh Xuân',
        NULL,
        'Nhiều tương ớt',
        15000,
        70000,
        48000
    ),
(
        83,
        3,
        49,
        91,
        76,
        '9e6a74bd-4a33-42b5-b180-df5337c12828',
        '2022-01-03 09:40:45',
        '191 Tân Mai Hoàn Kiếm Hà Nội',
        'Long Biên',
        NULL,
        'Nhiều tương ớt',
        15000,
        70000,
        75000
    ),
(
        84,
        3,
        24,
        80,
        91,
        'eb3699f1-ad44-48fb-bcdd-e5d7aa304167',
        '2022-01-03 07:57:59',
        '78 Tân Mai Bắc Từ Liêm Hà Nội',
        'Nam Từ Liêm',
        NULL,
        'Nhiều tương ớt',
        15000,
        50000,
        477000
    ),
(
        85,
        3,
        9,
        105,
        88,
        'a587f340-a2e5-4282-8c20-9b4d1eef4ab4',
        '2022-01-02 11:31:13',
        '223 Tân Mai Long Biên Hà Nội',
        'Hoàn Kiếm',
        NULL,
        'Nhiều tương ớt',
        15000,
        70000,
        400000
    ),
(
        86,
        3,
        4,
        37,
        98,
        'e4da9b7a-bb1c-4b26-a906-213179254425',
        '2022-01-01 07:51:45',
        '105 Tân Mai Thanh Xuân Hà Nội',
        'Hoàng Mai',
        NULL,
        'Nhiều tương ớt',
        15000,
        70000,
        1274000
    ),
(
        87,
        3,
        50,
        77,
        73,
        '54516824-7e65-4f64-aaba-66d12287ad1a',
        '2022-01-02 20:42:49',
        '187 Tân Mai Cầu Giấy Hà Nội',
        'Nam Từ Liêm',
        NULL,
        'Nhiều tương ớt',
        15000,
        15000,
        69000
    ),
(
        88,
        4,
        5,
        114,
        89,
        '1f1f48ba-315d-4160-b2cc-a15099b97618',
        '2022-01-03 07:31:14',
        '96 Tân Mai Nam Từ Liêm Hà Nội',
        'Cầu Giấy',
        NULL,
        'Nhiều tương ớt',
        15000,
        70000,
        276000
    ),
(
        89,
        4,
        39,
        45,
        65,
        '0affe5aa-1c68-4765-8419-b6b8bb765691',
        '2022-01-03 15:33:39',
        '295 Tân Mai Hoàn Kiếm Hà Nội',
        'Tây Hồ',
        NULL,
        'Nhiều tương ớt',
        15000,
        15000,
        70200
    ),
(
        90,
        4,
        46,
        25,
        69,
        '248fdce1-fde4-49de-9c17-cdb23409d10b',
        '2022-01-02 17:16:54',
        '43 Tân Mai Hoàn Kiếm Hà Nội',
        'Tây Hồ',
        NULL,
        'Nhiều tương ớt',
        15000,
        50000,
        168000
    ),
(
        91,
        4,
        37,
        94,
        61,
        '47b18a8f-9f31-47b6-8aa7-17435c91f391',
        '2022-01-05 21:10:54',
        '210 Tân Mai Hà Đông Hà Nội',
        'Tây Hồ',
        NULL,
        'Nhiều tương ớt',
        15000,
        20000,
        70000
    ),
(
        92,
        4,
        11,
        40,
        98,
        '6a3c801f-035e-4147-a9a0-ca6e24bedf83',
        '2022-01-01 22:27:47',
        '258 Tân Mai Tây Hồ Hà Nội',
        'Thanh Xuân',
        NULL,
        'Nhiều tương ớt',
        15000,
        70000,
        270000
    ),
(
        93,
        4,
        44,
        35,
        89,
        'c67be559-bcb0-4bcf-9ec7-bef8f5653741',
        '2022-01-04 21:44:16',
        '95 Tân Mai Hoàng Mai Hà Nội',
        'Hoàn Kiếm',
        NULL,
        'Nhiều tương ớt',
        15000,
        50000,
        6999
    ),
(
        94,
        4,
        12,
        70,
        74,
        'd66142b6-f2cc-4b32-b5eb-90dbaaecb9c3',
        '2022-01-01 22:27:53',
        '161 Tân Mai Long Biên Hà Nội',
        'Thanh Xuân',
        NULL,
        'Nhiều tương ớt',
        15000,
        20000,
        22000
    ),
(
        95,
        4,
        19,
        112,
        76,
        '7b4006a9-3c5b-4366-b522-dd7aaa6035dc',
        '2022-01-04 06:32:14',
        '65 Tân Mai Đống Đa Hà Nội',
        'Tây Hồ',
        NULL,
        'Nhiều tương ớt',
        15000,
        20000,
        152000
    ),
(
        96,
        4,
        37,
        58,
        74,
        'e2280429-a4ab-43be-8237-3223bffc9af0',
        '2022-01-05 18:31:52',
        '210 Tân Mai Hà Đông Hà Nội',
        'Tây Hồ',
        NULL,
        'Nhiều tương ớt',
        15000,
        50000,
        39600
    ),
(
        97,
        4,
        39,
        8,
        63,
        '08584285-0c39-452a-99ad-427f59c948a5',
        '2022-01-03 16:14:10',
        '295 Tân Mai Hoàn Kiếm Hà Nội',
        'Tây Hồ',
        NULL,
        'Nhiều tương ớt',
        15000,
        20000,
        131000
    ),
(
        98,
        4,
        17,
        94,
        67,
        'be395eb9-81ee-4ffe-a201-f92b934e4d5f',
        '2022-01-03 06:17:04',
        '89 Tân Mai Cầu Giấy Hà Nội',
        'Cầu Giấy',
        NULL,
        'Nhiều tương ớt',
        15000,
        50000,
        280000
    ),
(
        99,
        4,
        16,
        3,
        70,
        'b31fecea-d850-4ac1-885d-1a72d16974ba',
        '2022-01-02 09:21:03',
        '77 Tân Mai Hà Đông Hà Nội',
        'Thanh Xuân',
        NULL,
        'Nhiều tương ớt',
        15000,
        20000,
        71000
    ),
(
        100,
        4,
        37,
        61,
        51,
        '735a748e-12fb-45c5-a3be-51975759ca9d',
        '2022-01-05 07:40:19',
        '210 Tân Mai Hà Đông Hà Nội',
        'Tây Hồ',
        NULL,
        'Nhiều tương ớt',
        15000,
        70000,
        105000
    ),
(
        101,
        4,
        15,
        63,
        55,
        '8cd4eeb5-08c6-41f4-b5c0-a9d9b95cd985',
        '2022-01-04 04:14:50',
        '207 Tân Mai Ba Đình Hà Nội',
        'Nam Từ Liêm',
        NULL,
        'Nhiều tương ớt',
        15000,
        70000,
        70000
    ),
(
        102,
        4,
        33,
        76,
        77,
        'c0f1ac86-84e9-4eeb-8fe7-b6b5b12a2413',
        '2022-01-05 11:14:20',
        '190 Tân Mai Tây Hồ Hà Nội',
        'Long Biên',
        NULL,
        'Nhiều tương ớt',
        15000,
        20000,
        96000
    ),
(
        103,
        4,
        15,
        91,
        100,
        'c934cf19-9b0a-4648-acf4-3064e6d87e76',
        '2022-01-04 19:33:29',
        '207 Tân Mai Ba Đình Hà Nội',
        'Nam Từ Liêm',
        NULL,
        'Nhiều tương ớt',
        15000,
        15000,
        11000
    ),
(
        104,
        4,
        21,
        113,
        65,
        '0e9a294d-6a2b-48fc-bbfe-ca59c807400f',
        '2022-01-03 15:56:42',
        '233 Tân Mai Hà Đông Hà Nội',
        'Cầu Giấy',
        NULL,
        'Nhiều tương ớt',
        15000,
        50000,
        45001
    ),
(
        105,
        4,
        43,
        49,
        64,
        '18492daa-1672-46a7-a5e6-4114459539be',
        '2022-01-02 09:05:56',
        '55 Tân Mai Hai Bà Trưng Hà Nội',
        'Hoàn Kiếm',
        NULL,
        'Nhiều tương ớt',
        15000,
        15000,
        130000
    ),
(
        106,
        4,
        15,
        21,
        55,
        'b6c7c6f3-255a-4386-bc7d-1b57dfbd2aed',
        '2022-01-01 21:20:19',
        '207 Tân Mai Ba Đình Hà Nội',
        'Nam Từ Liêm',
        NULL,
        'Nhiều tương ớt',
        15000,
        50000,
        96000
    ),
(
        107,
        4,
        42,
        100,
        72,
        '1f745035-ecc9-4b24-be2d-931c4b21166e',
        '2022-01-01 21:52:21',
        '24 Tân Mai Nam Từ Liêm Hà Nội',
        'Tây Hồ',
        NULL,
        'Nhiều tương ớt',
        15000,
        70000,
        209000
    ),
(
        108,
        4,
        50,
        37,
        55,
        'a340a4e0-0bb1-420a-9091-0bc53da09814',
        '2022-01-05 03:02:51',
        '187 Tân Mai Cầu Giấy Hà Nội',
        'Nam Từ Liêm',
        NULL,
        'Nhiều tương ớt',
        15000,
        50000,
        580000
    ),
(
        109,
        4,
        40,
        54,
        59,
        'cae13f91-41a5-443e-a2fd-fcf72a886b3d',
        '2022-01-01 06:17:15',
        '207 Tân Mai Cầu Giấy Hà Nội',
        'Hai Bà Trưng',
        NULL,
        'Nhiều tương ớt',
        15000,
        15000,
        90000
    ),
(
        110,
        4,
        43,
        103,
        51,
        '162f3f3d-ea45-4e8e-8dbb-66c559630fe2',
        '2022-01-02 12:17:43',
        '55 Tân Mai Hai Bà Trưng Hà Nội',
        'Hoàn Kiếm',
        NULL,
        'Nhiều tương ớt',
        15000,
        20000,
        35000
    ),
(
        111,
        4,
        2,
        27,
        66,
        '5f574c09-ab41-43c4-a487-a3b6662f4004',
        '2022-01-03 22:19:31',
        '115 Tân Mai Bắc Từ Liêm Hà Nội',
        'Hoàng Mai',
        NULL,
        'Nhiều tương ớt',
        15000,
        50000,
        1680000
    ),
(
        112,
        4,
        38,
        111,
        100,
        '8eeb5b58-8143-46fa-8373-eb7e320e5568',
        '2022-01-02 06:18:48',
        '32 Tân Mai Tây Hồ Hà Nội',
        'Tây Hồ',
        NULL,
        'Nhiều tương ớt',
        15000,
        15000,
        370000
    ),
(
        113,
        4,
        29,
        19,
        64,
        '81635154-1b5f-4b3a-b2af-4fb26568beb0',
        '2022-01-04 18:58:44',
        '22 Tân Mai Nam Từ Liêm Hà Nội',
        'Ba Đình',
        NULL,
        'Nhiều tương ớt',
        15000,
        70000,
        114000
    ),
(
        114,
        4,
        42,
        106,
        62,
        '7b7d0b67-545c-4063-b5a1-af7135be0659',
        '2022-01-01 19:46:11',
        '24 Tân Mai Nam Từ Liêm Hà Nội',
        'Tây Hồ',
        NULL,
        'Nhiều tương ớt',
        15000,
        50000,
        150000
    ),
(
        115,
        4,
        8,
        83,
        70,
        '480b37e0-9d17-426f-9128-756b105cc1c1',
        '2022-01-05 07:15:18',
        '114 Tân Mai Hoàn Kiếm Hà Nội',
        'Thanh Xuân',
        NULL,
        'Nhiều tương ớt',
        15000,
        20000,
        130000
    ),
(
        116,
        4,
        32,
        18,
        68,
        '08fe1f9d-2343-49fa-8168-dfb2d3466ab7',
        '2022-01-04 05:18:05',
        '168 Tân Mai Hà Đông Hà Nội',
        'Bắc Từ Liêm',
        NULL,
        'Nhiều tương ớt',
        15000,
        15000,
        24000
    ),
(
        117,
        5,
        8,
        104,
        85,
        '2b463de7-7c88-413a-a521-49851fa5d532',
        '2022-01-01 18:17:22',
        '114 Tân Mai Hoàn Kiếm Hà Nội',
        'Thanh Xuân',
        '2022-01-04 19:24:01',
        'Nhiều tương ớt',
        15000,
        20000,
        331000
    ),
(
        118,
        5,
        20,
        46,
        59,
        'a0d4e704-1b2b-4215-85c9-cdf85ad0f4d9',
        '2022-01-02 04:25:09',
        '46 Tân Mai Tây Hồ Hà Nội',
        'Nam Từ Liêm',
        '2022-01-04 05:52:59',
        'Nhiều tương ớt',
        15000,
        20000,
        500000
    ),
(
        119,
        5,
        47,
        61,
        68,
        'dfac6224-a9e8-47d1-82b3-83c697b9638c',
        '2022-01-01 06:10:23',
        '18 Tân Mai Bắc Từ Liêm Hà Nội',
        'Thanh Xuân',
        '2022-01-04 07:21:57',
        'Nhiều tương ớt',
        15000,
        20000,
        120000
    ),
(
        120,
        5,
        25,
        18,
        94,
        '193fb5a4-bf9f-4d87-9d23-38f77b0b3ce0',
        '2022-01-02 16:47:04',
        '27 Tân Mai Nam Từ Liêm Hà Nội',
        'Nam Từ Liêm',
        '2022-01-05 17:25:58',
        'Nhiều tương ớt',
        15000,
        50000,
        170000
    ),
(
        121,
        5,
        20,
        56,
        96,
        '6876fd29-1493-49c7-bf76-9537ff02b105',
        '2022-01-04 11:11:50',
        '46 Tân Mai Tây Hồ Hà Nội',
        'Nam Từ Liêm',
        '2022-01-03 12:53:19',
        'Nhiều tương ớt',
        15000,
        70000,
        100000
    ),
(
        122,
        5,
        8,
        2,
        63,
        'fe886efd-3fb4-41ce-9f27-71ef9c07912a',
        '2022-01-02 07:14:44',
        '114 Tân Mai Hoàn Kiếm Hà Nội',
        'Thanh Xuân',
        '2022-01-03 08:52:34',
        'Nhiều tương ớt',
        15000,
        15000,
        183600
    ),
(
        123,
        5,
        12,
        31,
        57,
        '51413eb5-95f9-44f6-88e8-5d1db5ec26fe',
        '2022-01-05 16:54:50',
        '161 Tân Mai Long Biên Hà Nội',
        'Thanh Xuân',
        '2022-01-05 17:38:16',
        'Nhiều tương ớt',
        15000,
        70000,
        190000
    ),
(
        124,
        5,
        36,
        52,
        72,
        '69f94bd5-65ae-44a3-b26b-6c1b9ccc1108',
        '2022-01-04 14:38:12',
        '278 Tân Mai Hà Đông Hà Nội',
        'Hai Bà Trưng',
        '2022-01-03 15:37:45',
        'Nhiều tương ớt',
        15000,
        20000,
        161000
    ),
(
        125,
        5,
        2,
        29,
        72,
        '25701a5a-9885-43dc-9bef-b4b998631b8d',
        '2022-01-03 02:45:34',
        '115 Tân Mai Bắc Từ Liêm Hà Nội',
        'Hoàng Mai',
        '2022-01-02 03:55:21',
        'Nhiều tương ớt',
        15000,
        50000,
        927000
    ),
(
        126,
        5,
        18,
        84,
        56,
        '1ca9de87-1542-49f1-ab53-7ff494ae9918',
        '2022-01-03 06:46:41',
        '135 Tân Mai Cầu Giấy Hà Nội',
        'Hai Bà Trưng',
        '2022-01-05 07:00:22',
        'Nhiều tương ớt',
        15000,
        15000,
        30000
    ),
(
        127,
        5,
        7,
        2,
        71,
        'e94c3ab6-082e-40a3-a193-60996b532564',
        '2022-01-01 14:02:50',
        '132 Tân Mai Bắc Từ Liêm Hà Nội',
        'Thanh Xuân',
        '2022-01-04 15:29:25',
        'Nhiều tương ớt',
        15000,
        20000,
        280000
    ),
(
        128,
        5,
        10,
        54,
        77,
        'bf7a6f0a-7a7e-4288-b014-bf20cbed04d2',
        '2022-01-01 14:22:24',
        '191 Tân Mai Long Biên Hà Nội',
        'Nam Từ Liêm',
        '2022-01-04 15:20:57',
        'Nhiều tương ớt',
        15000,
        15000,
        160000
    ),
(
        129,
        5,
        40,
        77,
        86,
        '410d8fba-c0b5-4387-aa43-c46cf8aec63d',
        '2022-01-04 15:26:24',
        '207 Tân Mai Cầu Giấy Hà Nội',
        'Hai Bà Trưng',
        '2022-01-05 16:57:21',
        'Nhiều tương ớt',
        15000,
        50000,
        261900
    ),
(
        130,
        5,
        9,
        9,
        85,
        'cd72db8c-fb5d-4721-bd1c-a1274dbea18c',
        '2022-01-01 03:20:04',
        '223 Tân Mai Long Biên Hà Nội',
        'Hoàn Kiếm',
        '2022-01-04 04:26:56',
        'Nhiều tương ớt',
        15000,
        50000,
        67500
    ),
(
        131,
        5,
        50,
        37,
        86,
        'a5589e2f-5e23-45b6-9402-17107845ade5',
        '2022-01-03 15:45:41',
        '187 Tân Mai Cầu Giấy Hà Nội',
        'Nam Từ Liêm',
        '2022-01-05 16:53:26',
        'Nhiều tương ớt',
        15000,
        20000,
        90000
    ),
(
        132,
        5,
        44,
        46,
        96,
        'aa02e246-e24c-4f60-81b7-a2034e43726a',
        '2022-01-05 04:01:20',
        '95 Tân Mai Hoàng Mai Hà Nội',
        'Hoàn Kiếm',
        '2022-01-01 05:13:48',
        'Nhiều tương ớt',
        15000,
        20000,
        170000
    ),
(
        133,
        5,
        12,
        17,
        56,
        '7f830444-7dd3-43d6-88fc-8f06be5c19f0',
        '2022-01-04 12:24:21',
        '161 Tân Mai Long Biên Hà Nội',
        'Thanh Xuân',
        '2022-01-01 13:27:00',
        'Nhiều tương ớt',
        15000,
        15000,
        60000
    ),
(
        134,
        5,
        12,
        70,
        66,
        '99450d80-4a73-4c22-bf46-a75b781fd418',
        '2022-01-03 14:44:37',
        '161 Tân Mai Long Biên Hà Nội',
        'Thanh Xuân',
        '2022-01-01 15:52:26',
        'Nhiều tương ớt',
        15000,
        50000,
        390000
    ),
(
        135,
        5,
        45,
        21,
        67,
        '05f713ab-a9b4-4e23-96bf-4a3317682a92',
        '2022-01-04 01:59:23',
        '31 Tân Mai Hoàng Mai Hà Nội',
        'Hoàng Mai',
        '2022-01-03 02:28:27',
        'Nhiều tương ớt',
        15000,
        70000,
        150000
    ),
(
        136,
        5,
        36,
        84,
        60,
        '283368dc-a5ba-4dfc-9a20-812f866603cb',
        '2022-01-01 11:34:09',
        '278 Tân Mai Hà Đông Hà Nội',
        'Hai Bà Trưng',
        '2022-01-02 12:17:19',
        'Nhiều tương ớt',
        15000,
        70000,
        30000
    ),
(
        137,
        5,
        38,
        68,
        97,
        '65bbbd8d-52f1-4e94-8193-0ecdfab0c454',
        '2022-01-03 05:34:10',
        '32 Tân Mai Tây Hồ Hà Nội',
        'Tây Hồ',
        '2022-01-01 06:54:29',
        'Nhiều tương ớt',
        15000,
        15000,
        135000
    ),
(
        138,
        5,
        20,
        29,
        92,
        '47062748-00e3-412e-bdb3-85e360c0f313',
        '2022-01-05 20:54:10',
        '46 Tân Mai Tây Hồ Hà Nội',
        'Nam Từ Liêm',
        '2022-01-05 21:13:46',
        'Nhiều tương ớt',
        15000,
        20000,
        32000
    ),
(
        139,
        5,
        19,
        47,
        99,
        'df2622bc-4fcb-4332-9344-a27e8658ab14',
        '2022-01-01 02:54:31',
        '65 Tân Mai Đống Đa Hà Nội',
        'Tây Hồ',
        '2022-01-04 03:40:21',
        'Nhiều tương ớt',
        15000,
        20000,
        45000
    ),
(
        140,
        5,
        2,
        26,
        100,
        'ff4fd8be-d207-4542-843c-4d615186278f',
        '2022-01-02 12:25:37',
        '115 Tân Mai Bắc Từ Liêm Hà Nội',
        'Hoàng Mai',
        '2022-01-03 13:35:41',
        'Nhiều tương ớt',
        15000,
        15000,
        91000
    ),
(
        141,
        5,
        44,
        33,
        66,
        'c4107b0d-f1ac-4753-8831-d1bea76102a9',
        '2022-01-03 02:53:12',
        '95 Tân Mai Hoàng Mai Hà Nội',
        'Hoàn Kiếm',
        '2022-01-03 03:18:47',
        'Nhiều tương ớt',
        15000,
        20000,
        68000
    ),
(
        142,
        5,
        17,
        101,
        84,
        '310272e9-99cb-468e-ba8f-8acbc004d78e',
        '2022-01-05 04:47:31',
        '89 Tân Mai Cầu Giấy Hà Nội',
        'Cầu Giấy',
        '2022-01-04 05:15:49',
        'Nhiều tương ớt',
        15000,
        50000,
        1575000
    ),
(
        143,
        5,
        9,
        78,
        65,
        '744d9590-b644-4667-8cf1-73b2c415926c',
        '2022-01-02 01:06:25',
        '223 Tân Mai Long Biên Hà Nội',
        'Hoàn Kiếm',
        '2022-01-01 02:05:32',
        'Nhiều tương ớt',
        15000,
        20000,
        150000
    ),
(
        144,
        5,
        17,
        54,
        55,
        '1695bbc8-93ab-4a45-a00c-e1749fcc19a8',
        '2022-01-01 12:44:32',
        '89 Tân Mai Cầu Giấy Hà Nội',
        'Cầu Giấy',
        '2022-01-02 13:01:07',
        'Nhiều tương ớt',
        15000,
        15000,
        294000
    ),
(
        145,
        5,
        38,
        116,
        65,
        'b11faba5-c752-4992-ab8f-05cd07622d42',
        '2022-01-04 17:58:25',
        '32 Tân Mai Tây Hồ Hà Nội',
        'Tây Hồ',
        '2022-01-05 18:11:04',
        'Nhiều tương ớt',
        15000,
        20000,
        122000
    ),
(
        146,
        6,
        46,
        55,
        92,
        '65c3e0cc-a8ea-4a1c-bd73-08a37bc814f7',
        '2022-01-01 15:17:25',
        '43 Tân Mai Hoàn Kiếm Hà Nội',
        'Tây Hồ',
        NULL,
        'Nhiều tương ớt',
        15000,
        15000,
        112500
    ),
(
        147,
        6,
        2,
        98,
        51,
        'c7aba9a7-f61a-40f4-b59b-cea7c67fbd22',
        '2022-01-04 17:48:01',
        '115 Tân Mai Bắc Từ Liêm Hà Nội',
        'Hoàng Mai',
        NULL,
        'Nhiều tương ớt',
        15000,
        70000,
        12000
    ),
(
        148,
        6,
        33,
        70,
        91,
        'a2d5b00b-b407-4626-a8ab-1813b143fec6',
        '2022-01-02 14:57:46',
        '190 Tân Mai Tây Hồ Hà Nội',
        'Long Biên',
        NULL,
        'Nhiều tương ớt',
        15000,
        70000,
        279000
    ),
(
        149,
        6,
        26,
        53,
        73,
        '3e3651ce-b6f4-4c7b-8515-41f5c1c9b0c0',
        '2022-01-03 04:53:49',
        '262 Tân Mai Long Biên Hà Nội',
        'Hoàng Mai',
        NULL,
        'Nhiều tương ớt',
        15000,
        20000,
        670000
    ),
(
        150,
        6,
        41,
        94,
        83,
        'ce414b88-5a35-456b-b4c1-6ba3d22ec349',
        '2022-01-01 05:51:21',
        '172 Tân Mai Nam Từ Liêm Hà Nội',
        'Bắc Từ Liêm',
        NULL,
        'Nhiều tương ớt',
        15000,
        50000,
        45000
    ),
(
        151,
        6,
        47,
        54,
        62,
        '491479d4-6182-4736-8680-0e33c8ab1f82',
        '2022-01-02 06:36:58',
        '18 Tân Mai Bắc Từ Liêm Hà Nội',
        'Thanh Xuân',
        NULL,
        'Nhiều tương ớt',
        15000,
        20000,
        300000
    ),
(
        152,
        6,
        5,
        114,
        75,
        '39b9daf1-3a42-44ac-974a-16c826319886',
        '2022-01-01 19:22:18',
        '96 Tân Mai Nam Từ Liêm Hà Nội',
        'Cầu Giấy',
        NULL,
        'Nhiều tương ớt',
        15000,
        50000,
        770000
    ),
(
        153,
        6,
        45,
        77,
        100,
        'fdcf9840-269b-4364-9117-84f72b20793d',
        '2022-01-05 08:54:09',
        '31 Tân Mai Hoàng Mai Hà Nội',
        'Hoàng Mai',
        NULL,
        'Nhiều tương ớt',
        15000,
        20000,
        50000
    ),
(
        154,
        6,
        28,
        11,
        80,
        'ad2eaff7-61c0-408b-a093-9530594a8923',
        '2022-01-03 03:07:01',
        '3 Tân Mai Hoàn Kiếm Hà Nội',
        'Hoàng Mai',
        NULL,
        'Nhiều tương ớt',
        15000,
        70000,
        405000
    ),
(
        155,
        6,
        6,
        51,
        73,
        '6bec3e57-02f4-48dc-98ea-78740ccb3fa6',
        '2022-01-02 08:45:24',
        '213 Tân Mai Hoàn Kiếm Hà Nội',
        'Long Biên',
        NULL,
        'Nhiều tương ớt',
        15000,
        20000,
        32400
    ),
(
        156,
        6,
        19,
        67,
        79,
        '4c24dd24-bf44-4376-b4ed-45ffa0f5263f',
        '2022-01-03 01:31:27',
        '65 Tân Mai Đống Đa Hà Nội',
        'Tây Hồ',
        NULL,
        'Nhiều tương ớt',
        15000,
        70000,
        234000
    ),
(
        157,
        6,
        19,
        63,
        99,
        'df481937-2317-4d1c-ba5b-dfb041d2d2e2',
        '2022-01-04 08:44:03',
        '65 Tân Mai Đống Đa Hà Nội',
        'Tây Hồ',
        NULL,
        'Nhiều tương ớt',
        15000,
        70000,
        835000
    ),
(
        158,
        6,
        38,
        76,
        62,
        'bad2f90a-a075-461c-9b7d-9e52afaae5c3',
        '2022-01-01 17:35:46',
        '32 Tân Mai Tây Hồ Hà Nội',
        'Tây Hồ',
        NULL,
        'Nhiều tương ớt',
        15000,
        20000,
        45000
    ),
(
        159,
        6,
        11,
        3,
        55,
        'b34178cc-7611-4693-aca8-418ffe0166e2',
        '2022-01-01 03:53:47',
        '258 Tân Mai Tây Hồ Hà Nội',
        'Thanh Xuân',
        NULL,
        'Nhiều tương ớt',
        15000,
        15000,
        76000
    ),
(
        160,
        6,
        11,
        36,
        86,
        '5e37781e-6c26-4170-bd20-7919b7f71337',
        '2022-01-02 14:33:36',
        '258 Tân Mai Tây Hồ Hà Nội',
        'Thanh Xuân',
        NULL,
        'Nhiều tương ớt',
        15000,
        20000,
        91000
    ),
(
        161,
        6,
        17,
        55,
        84,
        '0978120c-fb31-4990-b502-a529f7bc6a7d',
        '2022-01-05 02:46:12',
        '89 Tân Mai Cầu Giấy Hà Nội',
        'Cầu Giấy',
        NULL,
        'Nhiều tương ớt',
        15000,
        20000,
        157500
    ),
(
        162,
        6,
        16,
        31,
        60,
        '6a673e9b-6d63-4192-9139-dca522eacb39',
        '2022-01-02 21:33:12',
        '77 Tân Mai Hà Đông Hà Nội',
        'Thanh Xuân',
        NULL,
        'Nhiều tương ớt',
        15000,
        70000,
        120000
    ),
(
        163,
        6,
        47,
        117,
        99,
        '049f7970-1728-43a5-beba-9a6ebe6906fa',
        '2022-01-04 18:37:06',
        '18 Tân Mai Bắc Từ Liêm Hà Nội',
        'Thanh Xuân',
        NULL,
        'Nhiều tương ớt',
        15000,
        20000,
        555000
    ),
(
        164,
        6,
        14,
        72,
        51,
        'a5702691-bcbf-4d57-b7d4-32f570bb8f53',
        '2022-01-02 05:30:36',
        '270 Tân Mai Ba Đình Hà Nội',
        'Nam Từ Liêm',
        NULL,
        'Nhiều tương ớt',
        15000,
        20000,
        100000
    ),
(
        165,
        6,
        47,
        28,
        93,
        '2a4d8356-e75e-405a-b935-793f5fda1922',
        '2022-01-04 08:03:59',
        '18 Tân Mai Bắc Từ Liêm Hà Nội',
        'Thanh Xuân',
        NULL,
        'Nhiều tương ớt',
        15000,
        15000,
        85000
    ),
(
        166,
        6,
        17,
        89,
        98,
        '3f04d8fc-f74f-45d3-a849-4110d1567a2c',
        '2022-01-03 08:33:41',
        '89 Tân Mai Cầu Giấy Hà Nội',
        'Cầu Giấy',
        NULL,
        'Nhiều tương ớt',
        15000,
        20000,
        75000
    ),
(
        167,
        6,
        42,
        115,
        53,
        'b72ba4f7-27b8-4e05-9f04-ccf1ef6b225a',
        '2022-01-04 14:58:57',
        '24 Tân Mai Nam Từ Liêm Hà Nội',
        'Tây Hồ',
        NULL,
        'Nhiều tương ớt',
        15000,
        20000,
        1120000
    ),
(
        168,
        6,
        23,
        111,
        96,
        '0faedb01-504e-487e-9a0d-c8590da2c734',
        '2022-01-03 02:44:36',
        '25 Tân Mai Hoàng Mai Hà Nội',
        'Đống Đa',
        NULL,
        'Nhiều tương ớt',
        15000,
        15000,
        1275000
    ),
(
        169,
        6,
        4,
        46,
        52,
        '2554e834-bf57-4f23-a25f-f7279c1b97eb',
        '2022-01-01 08:01:32',
        '105 Tân Mai Thanh Xuân Hà Nội',
        'Hoàng Mai',
        NULL,
        'Nhiều tương ớt',
        15000,
        70000,
        56000
    ),
(
        170,
        6,
        44,
        108,
        82,
        '3e595245-4cc0-4802-badd-b28dae9b5235',
        '2022-01-02 01:02:13',
        '95 Tân Mai Hoàng Mai Hà Nội',
        'Hoàn Kiếm',
        NULL,
        'Nhiều tương ớt',
        15000,
        70000,
        30600
    ),
(
        171,
        6,
        24,
        36,
        87,
        'f3e7cb40-d70b-4317-8774-f9e984b23014',
        '2022-01-04 15:00:55',
        '78 Tân Mai Bắc Từ Liêm Hà Nội',
        'Nam Từ Liêm',
        NULL,
        'Nhiều tương ớt',
        15000,
        20000,
        240000
    ),
(
        172,
        6,
        4,
        92,
        75,
        '12d052a6-9996-419f-8d0e-6fa73d07386c',
        '2022-01-02 19:10:47',
        '105 Tân Mai Thanh Xuân Hà Nội',
        'Hoàng Mai',
        NULL,
        'Nhiều tương ớt',
        15000,
        50000,
        73500
    ),
(
        173,
        6,
        42,
        95,
        76,
        'd485e93e-c459-499e-830f-d39dbc06bf09',
        '2022-01-04 07:53:39',
        '24 Tân Mai Nam Từ Liêm Hà Nội',
        'Tây Hồ',
        NULL,
        'Nhiều tương ớt',
        15000,
        15000,
        260000
    ),
(
        174,
        6,
        47,
        70,
        98,
        'df2888bc-56fa-4516-bf4b-2f9dbada63d1',
        '2022-01-03 16:04:37',
        '18 Tân Mai Bắc Từ Liêm Hà Nội',
        'Thanh Xuân',
        NULL,
        'Nhiều tương ớt',
        15000,
        50000,
        90000
    );

-- ORDER_ITEM
insert into
    `order_item` (`order_id`, `item_id`, `quantity`)
values
    (2, 2087, 1);

insert into
    `order_item` (`order_id`, `item_id`, `quantity`)
values
    (3, 1937, 1);

insert into
    `order_item` (`order_id`, `item_id`, `quantity`)
values
    (4, 1660, 2);

insert into
    `order_item` (`order_id`, `item_id`, `quantity`)
values
    (6, 1115, 3);

insert into
    `order_item` (`order_id`, `item_id`, `quantity`)
values
    (6, 1118, 3);

insert into
    `order_item` (`order_id`, `item_id`, `quantity`)
values
    (7, 1952, 3);

insert into
    `order_item` (`order_id`, `item_id`, `quantity`)
values
    (7, 1948, 3);

insert into
    `order_item` (`order_id`, `item_id`, `quantity`)
values
    (8, 1892, 2);

insert into
    `order_item` (`order_id`, `item_id`, `quantity`)
values
    (8, 1895, 2);

insert into
    `order_item` (`order_id`, `item_id`, `quantity`)
values
    (9, 1827, 2);

insert into
    `order_item` (`order_id`, `item_id`, `quantity`)
values
    (9, 1828, 2);

insert into
    `order_item` (`order_id`, `item_id`, `quantity`)
values
    (12, 1853, 3);

insert into
    `order_item` (`order_id`, `item_id`, `quantity`)
values
    (14, 1281, 1);

insert into
    `order_item` (`order_id`, `item_id`, `quantity`)
values
    (14, 1650, 1);

insert into
    `order_item` (`order_id`, `item_id`, `quantity`)
values
    (16, 1887, 1);

insert into
    `order_item` (`order_id`, `item_id`, `quantity`)
values
    (16, 1892, 3);

insert into
    `order_item` (`order_id`, `item_id`, `quantity`)
values
    (17, 1838, 2);

insert into
    `order_item` (`order_id`, `item_id`, `quantity`)
values
    (17, 1849, 2);

insert into
    `order_item` (`order_id`, `item_id`, `quantity`)
values
    (18, 1704, 2);

insert into
    `order_item` (`order_id`, `item_id`, `quantity`)
values
    (18, 1257, 2);

insert into
    `order_item` (`order_id`, `item_id`, `quantity`)
values
    (19, 1948, 2);

insert into
    `order_item` (`order_id`, `item_id`, `quantity`)
values
    (21, 266, 1);

insert into
    `order_item` (`order_id`, `item_id`, `quantity`)
values
    (21, 359, 3);

insert into
    `order_item` (`order_id`, `item_id`, `quantity`)
values
    (22, 360, 3);

insert into
    `order_item` (`order_id`, `item_id`, `quantity`)
values
    (23, 1595, 2);

insert into
    `order_item` (`order_id`, `item_id`, `quantity`)
values
    (24, 1128, 2);

insert into
    `order_item` (`order_id`, `item_id`, `quantity`)
values
    (24, 1134, 3);

insert into
    `order_item` (`order_id`, `item_id`, `quantity`)
values
    (26, 1830, 2);

insert into
    `order_item` (`order_id`, `item_id`, `quantity`)
values
    (26, 1817, 2);

insert into
    `order_item` (`order_id`, `item_id`, `quantity`)
values
    (28, 189, 1);

insert into
    `order_item` (`order_id`, `item_id`, `quantity`)
values
    (28, 234, 2);

insert into
    `order_item` (`order_id`, `item_id`, `quantity`)
values
    (29, 1247, 3);

insert into
    `order_item` (`order_id`, `item_id`, `quantity`)
values
    (29, 1246, 2);

insert into
    `order_item` (`order_id`, `item_id`, `quantity`)
values
    (31, 1520, 1);

insert into
    `order_item` (`order_id`, `item_id`, `quantity`)
values
    (32, 1395, 1);

insert into
    `order_item` (`order_id`, `item_id`, `quantity`)
values
    (35, 229, 3);

insert into
    `order_item` (`order_id`, `item_id`, `quantity`)
values
    (36, 1917, 1);

insert into
    `order_item` (`order_id`, `item_id`, `quantity`)
values
    (36, 1916, 3);

insert into
    `order_item` (`order_id`, `item_id`, `quantity`)
values
    (37, 925, 1);

insert into
    `order_item` (`order_id`, `item_id`, `quantity`)
values
    (37, 866, 1);

insert into
    `order_item` (`order_id`, `item_id`, `quantity`)
values
    (41, 1486, 2);

insert into
    `order_item` (`order_id`, `item_id`, `quantity`)
values
    (45, 1965, 2);

insert into
    `order_item` (`order_id`, `item_id`, `quantity`)
values
    (45, 1974, 3);

insert into
    `order_item` (`order_id`, `item_id`, `quantity`)
values
    (46, 1542, 2);

insert into
    `order_item` (`order_id`, `item_id`, `quantity`)
values
    (46, 1539, 1);

insert into
    `order_item` (`order_id`, `item_id`, `quantity`)
values
    (47, 555, 1);

insert into
    `order_item` (`order_id`, `item_id`, `quantity`)
values
    (50, 2084, 1);

insert into
    `order_item` (`order_id`, `item_id`, `quantity`)
values
    (50, 2081, 1);

insert into
    `order_item` (`order_id`, `item_id`, `quantity`)
values
    (51, 1830, 2);

insert into
    `order_item` (`order_id`, `item_id`, `quantity`)
values
    (52, 2100, 2);

insert into
    `order_item` (`order_id`, `item_id`, `quantity`)
values
    (52, 2110, 2);

insert into
    `order_item` (`order_id`, `item_id`, `quantity`)
values
    (54, 576, 2);

insert into
    `order_item` (`order_id`, `item_id`, `quantity`)
values
    (56, 2018, 2);

insert into
    `order_item` (`order_id`, `item_id`, `quantity`)
values
    (57, 860, 3);

insert into
    `order_item` (`order_id`, `item_id`, `quantity`)
values
    (57, 855, 3);

insert into
    `order_item` (`order_id`, `item_id`, `quantity`)
values
    (59, 1393, 1);

insert into
    `order_item` (`order_id`, `item_id`, `quantity`)
values
    (60, 1023, 2);

insert into
    `order_item` (`order_id`, `item_id`, `quantity`)
values
    (62, 1972, 2);

insert into
    `order_item` (`order_id`, `item_id`, `quantity`)
values
    (63, 2042, 3);

insert into
    `order_item` (`order_id`, `item_id`, `quantity`)
values
    (64, 431, 1);

insert into
    `order_item` (`order_id`, `item_id`, `quantity`)
values
    (66, 1625, 1);

insert into
    `order_item` (`order_id`, `item_id`, `quantity`)
values
    (66, 1623, 1);

insert into
    `order_item` (`order_id`, `item_id`, `quantity`)
values
    (67, 1049, 2);

insert into
    `order_item` (`order_id`, `item_id`, `quantity`)
values
    (68, 388, 1);

insert into
    `order_item` (`order_id`, `item_id`, `quantity`)
values
    (70, 371, 1);

insert into
    `order_item` (`order_id`, `item_id`, `quantity`)
values
    (70, 485, 3);

insert into
    `order_item` (`order_id`, `item_id`, `quantity`)
values
    (71, 874, 2);

insert into
    `order_item` (`order_id`, `item_id`, `quantity`)
values
    (71, 875, 1);

insert into
    `order_item` (`order_id`, `item_id`, `quantity`)
values
    (72, 2010, 2);

insert into
    `order_item` (`order_id`, `item_id`, `quantity`)
values
    (75, 874, 3);

insert into
    `order_item` (`order_id`, `item_id`, `quantity`)
values
    (77, 2179, 1);

insert into
    `order_item` (`order_id`, `item_id`, `quantity`)
values
    (77, 2173, 1);

insert into
    `order_item` (`order_id`, `item_id`, `quantity`)
values
    (78, 1861, 1);

insert into
    `order_item` (`order_id`, `item_id`, `quantity`)
values
    (79, 144, 1);

insert into
    `order_item` (`order_id`, `item_id`, `quantity`)
values
    (80, 2178, 1);

insert into
    `order_item` (`order_id`, `item_id`, `quantity`)
values
    (80, 2168, 1);

insert into
    `order_item` (`order_id`, `item_id`, `quantity`)
values
    (81, 1316, 2);

insert into
    `order_item` (`order_id`, `item_id`, `quantity`)
values
    (82, 1651, 3);

insert into
    `order_item` (`order_id`, `item_id`, `quantity`)
values
    (82, 1654, 3);

insert into
    `order_item` (`order_id`, `item_id`, `quantity`)
values
    (83, 1428, 1);

insert into
    `order_item` (`order_id`, `item_id`, `quantity`)
values
    (83, 1425, 2);

insert into
    `order_item` (`order_id`, `item_id`, `quantity`)
values
    (84, 1911, 2);

insert into
    `order_item` (`order_id`, `item_id`, `quantity`)
values
    (86, 1362, 2);

insert into
    `order_item` (`order_id`, `item_id`, `quantity`)
values
    (88, 1227, 2);

insert into
    `order_item` (`order_id`, `item_id`, `quantity`)
values
    (89, 467, 1);

insert into
    `order_item` (`order_id`, `item_id`, `quantity`)
values
    (89, 474, 1);

insert into
    `order_item` (`order_id`, `item_id`, `quantity`)
values
    (91, 747, 3);

insert into
    `order_item` (`order_id`, `item_id`, `quantity`)
values
    (91, 743, 1);

insert into
    `order_item` (`order_id`, `item_id`, `quantity`)
values
    (93, 1247, 3);

insert into
    `order_item` (`order_id`, `item_id`, `quantity`)
values
    (94, 2046, 1);

insert into
    `order_item` (`order_id`, `item_id`, `quantity`)
values
    (96, 140, 3);

insert into
    `order_item` (`order_id`, `item_id`, `quantity`)
values
    (96, 141, 3);

insert into
    `order_item` (`order_id`, `item_id`, `quantity`)
values
    (98, 46, 1);

insert into
    `order_item` (`order_id`, `item_id`, `quantity`)
values
    (98, 51, 2);

insert into
    `order_item` (`order_id`, `item_id`, `quantity`)
values
    (99, 1115, 3);

insert into
    `order_item` (`order_id`, `item_id`, `quantity`)
values
    (100, 1163, 3);

insert into
    `order_item` (`order_id`, `item_id`, `quantity`)
values
    (101, 1922, 1);

insert into
    `order_item` (`order_id`, `item_id`, `quantity`)
values
    (102, 1653, 1);

insert into
    `order_item` (`order_id`, `item_id`, `quantity`)
values
    (102, 1651, 1);

insert into
    `order_item` (`order_id`, `item_id`, `quantity`)
values
    (104, 931, 3);

insert into
    `order_item` (`order_id`, `item_id`, `quantity`)
values
    (105, 390, 2);

insert into
    `order_item` (`order_id`, `item_id`, `quantity`)
values
    (105, 381, 1);

insert into
    `order_item` (`order_id`, `item_id`, `quantity`)
values
    (106, 1815, 3);

insert into
    `order_item` (`order_id`, `item_id`, `quantity`)
values
    (106, 1821, 3);

insert into
    `order_item` (`order_id`, `item_id`, `quantity`)
values
    (108, 1021, 3);

insert into
    `order_item` (`order_id`, `item_id`, `quantity`)
values
    (109, 1862, 2);

insert into
    `order_item` (`order_id`, `item_id`, `quantity`)
values
    (109, 1864, 1);

insert into
    `order_item` (`order_id`, `item_id`, `quantity`)
values
    (110, 509, 2);

insert into
    `order_item` (`order_id`, `item_id`, `quantity`)
values
    (112, 1044, 1);

insert into
    `order_item` (`order_id`, `item_id`, `quantity`)
values
    (112, 1152, 2);

insert into
    `order_item` (`order_id`, `item_id`, `quantity`)
values
    (113, 1917, 1);

insert into
    `order_item` (`order_id`, `item_id`, `quantity`)
values
    (113, 1918, 2);

insert into
    `order_item` (`order_id`, `item_id`, `quantity`)
values
    (114, 1486, 1);

insert into
    `order_item` (`order_id`, `item_id`, `quantity`)
values
    (115, 333, 1);

insert into
    `order_item` (`order_id`, `item_id`, `quantity`)
values
    (115, 325, 1);

insert into
    `order_item` (`order_id`, `item_id`, `quantity`)
values
    (116, 1889, 2);

insert into
    `order_item` (`order_id`, `item_id`, `quantity`)
values
    (117, 875, 3);

insert into
    `order_item` (`order_id`, `item_id`, `quantity`)
values
    (118, 1113, 2);

insert into
    `order_item` (`order_id`, `item_id`, `quantity`)
values
    (118, 1115, 3);

insert into
    `order_item` (`order_id`, `item_id`, `quantity`)
values
    (119, 335, 1);

insert into
    `order_item` (`order_id`, `item_id`, `quantity`)
values
    (120, 1049, 1);

insert into
    `order_item` (`order_id`, `item_id`, `quantity`)
values
    (121, 1006, 3);

insert into
    `order_item` (`order_id`, `item_id`, `quantity`)
values
    (121, 113, 2);

insert into
    `order_item` (`order_id`, `item_id`, `quantity`)
values
    (122, 559, 1);

insert into
    `order_item` (`order_id`, `item_id`, `quantity`)
values
    (125, 1520, 3);

insert into
    `order_item` (`order_id`, `item_id`, `quantity`)
values
    (125, 1511, 2);

insert into
    `order_item` (`order_id`, `item_id`, `quantity`)
values
    (126, 1091, 1);

insert into
    `order_item` (`order_id`, `item_id`, `quantity`)
values
    (127, 1023, 2);

insert into
    `order_item` (`order_id`, `item_id`, `quantity`)
values
    (127, 1014, 2);

insert into
    `order_item` (`order_id`, `item_id`, `quantity`)
values
    (128, 1377, 3);

insert into
    `order_item` (`order_id`, `item_id`, `quantity`)
values
    (129, 465, 3);

insert into
    `order_item` (`order_id`, `item_id`, `quantity`)
values
    (129, 1903, 1);

insert into
    `order_item` (`order_id`, `item_id`, `quantity`)
values
    (131, 875, 2);

insert into
    `order_item` (`order_id`, `item_id`, `quantity`)
values
    (131, 874, 3);

insert into
    `order_item` (`order_id`, `item_id`, `quantity`)
values
    (132, 324, 2);

insert into
    `order_item` (`order_id`, `item_id`, `quantity`)
values
    (132, 322, 2);

insert into
    `order_item` (`order_id`, `item_id`, `quantity`)
values
    (133, 1247, 1);

insert into
    `order_item` (`order_id`, `item_id`, `quantity`)
values
    (134, 390, 2);

insert into
    `order_item` (`order_id`, `item_id`, `quantity`)
values
    (135, 1510, 1);

insert into
    `order_item` (`order_id`, `item_id`, `quantity`)
values
    (139, 496, 1);

insert into
    `order_item` (`order_id`, `item_id`, `quantity`)
values
    (139, 497, 3);

insert into
    `order_item` (`order_id`, `item_id`, `quantity`)
values
    (140, 591, 2);

insert into
    `order_item` (`order_id`, `item_id`, `quantity`)
values
    (141, 1847, 3);

insert into
    `order_item` (`order_id`, `item_id`, `quantity`)
values
    (142, 1387, 1);

insert into
    `order_item` (`order_id`, `item_id`, `quantity`)
values
    (143, 1026, 2);

insert into
    `order_item` (`order_id`, `item_id`, `quantity`)
values
    (143, 1010, 1);

insert into
    `order_item` (`order_id`, `item_id`, `quantity`)
values
    (144, 2112, 1);

insert into
    `order_item` (`order_id`, `item_id`, `quantity`)
values
    (144, 2113, 2);

insert into
    `order_item` (`order_id`, `item_id`, `quantity`)
values
    (146, 1794, 1);

insert into
    `order_item` (`order_id`, `item_id`, `quantity`)
values
    (146, 1800, 3);

insert into
    `order_item` (`order_id`, `item_id`, `quantity`)
values
    (147, 1247, 2);

insert into
    `order_item` (`order_id`, `item_id`, `quantity`)
values
    (150, 1024, 1);

insert into
    `order_item` (`order_id`, `item_id`, `quantity`)
values
    (152, 1377, 2);

insert into
    `order_item` (`order_id`, `item_id`, `quantity`)
values
    (152, 1371, 2);

insert into
    `order_item` (`order_id`, `item_id`, `quantity`)
values
    (153, 245, 3);

insert into
    `order_item` (`order_id`, `item_id`, `quantity`)
values
    (153, 238, 3);

insert into
    `order_item` (`order_id`, `item_id`, `quantity`)
values
    (156, 1159, 1);

insert into
    `order_item` (`order_id`, `item_id`, `quantity`)
values
    (157, 1925, 2);

insert into
    `order_item` (`order_id`, `item_id`, `quantity`)
values
    (157, 1928, 3);

insert into
    `order_item` (`order_id`, `item_id`, `quantity`)
values
    (158, 50, 3);

insert into
    `order_item` (`order_id`, `item_id`, `quantity`)
values
    (159, 883, 1);

insert into
    `order_item` (`order_id`, `item_id`, `quantity`)
values
    (161, 564, 2);

insert into
    `order_item` (`order_id`, `item_id`, `quantity`)
values
    (163, 1502, 1);

insert into
    `order_item` (`order_id`, `item_id`, `quantity`)
values
    (164, 542, 3);

insert into
    `order_item` (`order_id`, `item_id`, `quantity`)
values
    (168, 875, 1);

insert into
    `order_item` (`order_id`, `item_id`, `quantity`)
values
    (169, 1970, 3);

insert into
    `order_item` (`order_id`, `item_id`, `quantity`)
values
    (170, 703, 2);

insert into
    `order_item` (`order_id`, `item_id`, `quantity`)
values
    (171, 1660, 1);

insert into
    `order_item` (`order_id`, `item_id`, `quantity`)
values
    (172, 1760, 3);

insert into
    `order_item` (`order_id`, `item_id`, `quantity`)
values
    (172, 1751, 3);

insert into
    `order_item` (`order_id`, `item_id`, `quantity`)
values
    (173, 1247, 3);

update
    `order`,
    (
        select
            o.id,
            sum(oi.quantity * i.price) total
        from
            `order_service`.`order` o,
            `order_service`.order_item oi,
            `product_service`.item i
        where
            o.id = oi.order_id
            and i.id = oi.item_id
        group by
            oi.order_id
    ) result
set
    `order`.total = result.total
where
    `order`.id = result.id;